dataset,scenario,method,round,mean_oui,var_oui,beta_alpha,beta_beta,score_mode
cifar10,cifar10_dirichlet_0.1,fedalign,0,0.1375651041666666,0.0118636131286621,,,none
cifar10,cifar10_dirichlet_0.1,fedalign,1,0.1918294270833333,0.0040916999181111,,,none
cifar10,cifar10_dirichlet_0.1,fedalign,2,0.1813151041666666,0.0022746960322062,,,none
cifar10,cifar10_dirichlet_0.1,fedalign,3,0.1483723958333333,0.0033281962076822,,,none
cifar10,cifar10_dirichlet_0.1,fedalign,4,0.2286783854166666,0.0037346998850504,,,none
cifar10,cifar10_dirichlet_0.1,fedalign,5,0.2536458333333333,0.0130656321843465,,,none
cifar10,cifar10_dirichlet_0.1,fedalign,6,0.2806315104166666,0.0044924020767211,,,none
cifar10,cifar10_dirichlet_0.1,fedalign,7,0.2645833333333333,0.0153308232625325,,,none
cifar10,cifar10_dirichlet_0.1,fedalign,8,0.1391276041666666,0.004219643274943,,,none
cifar10,cifar10_dirichlet_0.1,fedalign,9,0.1533528645833333,0.005584692955017,,,none
cifar10,cifar10_dirichlet_0.1,fedalign,10,0.2255533854166666,0.0061790784200032,,,none
cifar10,cifar10_dirichlet_0.1,fedalign,11,0.2596354166666667,0.0104902426401774,,,none
cifar10,cifar10_dirichlet_0.1,fedalign,12,0.2205403645833333,0.006004516283671,,,none
cifar10,cifar10_dirichlet_0.1,fedalign,13,0.2793294270833333,0.0038153330485026,,,none
cifar10,cifar10_dirichlet_0.1,fedalign,14,0.2902994791666666,0.0056331555048624,,,none
cifar10,cifar10_dirichlet_0.1,fedalign,15,0.2296549479166666,0.0033279021581013,,,none
cifar10,cifar10_dirichlet_0.1,fedalign,16,0.2524088541666666,0.0052936633427937,,,none
cifar10,cifar10_dirichlet_0.1,fedalign,17,0.2194661458333333,0.0032421112060546,,,none
cifar10,cifar10_dirichlet_0.1,fedalign,18,0.2017903645833333,0.0047680934270222,,,none
cifar10,cifar10_dirichlet_0.1,fedalign,19,0.21181640625,0.0075105667114257,,,none
cifar10,cifar10_dirichlet_0.1,fedavg,0,0.1375651041666666,0.0118636131286621,,,
cifar10,cifar10_dirichlet_0.1,fedavg,1,0.1193033854166666,0.0010644276936848,,,
cifar10,cifar10_dirichlet_0.1,fedavg,2,0.1429361979166666,0.0015691598256429,,,
cifar10,cifar10_dirichlet_0.1,fedavg,3,0.1116536458333333,0.0020805120468139,,,
cifar10,cifar10_dirichlet_0.1,fedavg,4,0.1240559895833333,0.0008794625600179,,,
cifar10,cifar10_dirichlet_0.1,fedavg,5,0.1425130208333333,0.0007521311442057,,,
cifar10,cifar10_dirichlet_0.1,fedavg,6,0.1555013020833333,0.0022418896357218,,,
cifar10,cifar10_dirichlet_0.1,fedavg,7,0.1644205729166666,0.0045895338058471,,,
cifar10,cifar10_dirichlet_0.1,fedavg,8,0.18232421875,0.0037054777145385,,,
cifar10,cifar10_dirichlet_0.1,fedavg,9,0.1764322916666666,0.005937639872233,,,
cifar10,cifar10_dirichlet_0.1,fedavg,10,0.1421549479166666,0.0022916555404663,,,
cifar10,cifar10_dirichlet_0.1,fedavg,11,0.1828776041666666,0.0044609069824218,,,
cifar10,cifar10_dirichlet_0.1,fedavg,12,0.1841145833333333,0.0048074801762898,,,
cifar10,cifar10_dirichlet_0.1,fedavg,13,0.2122395833333333,0.002351951599121,,,
cifar10,cifar10_dirichlet_0.1,fedavg,14,0.1891276041666666,0.0028412183125813,,,
cifar10,cifar10_dirichlet_0.1,fedavg,15,0.1529947916666666,0.0037444273630778,,,
cifar10,cifar10_dirichlet_0.1,fedavg,16,0.1810546875,0.0066702286402384,,,
cifar10,cifar10_dirichlet_0.1,fedavg,17,0.1809570312499999,0.0062341133753458,,,
cifar10,cifar10_dirichlet_0.1,fedavg,18,0.19052734375,0.0055125474929809,,,
cifar10,cifar10_dirichlet_0.1,fedavg,19,0.2093098958333333,0.0114020744959513,,,
cifar10,cifar10_dirichlet_0.1,fedoui,0,0.1375651041666666,0.0118636131286621,0.9048803263366468,6.07776816024004,beta
cifar10,cifar10_dirichlet_0.1,fedoui,1,0.105078125,0.0006664911905924,12.09457991005465,95.69349518042368,beta
cifar10,cifar10_dirichlet_0.1,fedoui,2,0.1550130208333333,0.0028119087219238,5.251839653424479,17.740395511631814,beta
cifar10,cifar10_dirichlet_0.1,fedoui,3,0.1279296875,0.0031033277511596,4.6018504586908655,18.61142476150345,beta
cifar10,cifar10_dirichlet_0.1,fedoui,4,0.1666015625,0.0022788763046264,24.660884478502307,73.79036583723399,beta
cifar10,cifar10_dirichlet_0.1,fedoui,5,0.1634440104166666,0.0026559511820475,5.381521631247488,22.6626419840066,beta
cifar10,cifar10_dirichlet_0.1,fedoui,6,0.1755208333333333,0.002717113494873,10.228087556779425,52.22606663607763,beta
cifar10,cifar10_dirichlet_0.1,fedoui,7,0.1499348958333333,0.0040270566940307,4.436087208349112,28.267680259969755,beta
cifar10,cifar10_dirichlet_0.1,fedoui,8,0.17333984375,0.0023057222366333,6.79190341444022,43.09984046207904,beta
cifar10,cifar10_dirichlet_0.1,fedoui,9,0.17587890625,0.0043127377827962,5.768392191917433,34.82840234088979,beta
cifar10,cifar10_dirichlet_0.1,fedoui,10,0.1725911458333333,0.0028264125188191,3.468180635005474,22.76089595469619,beta
cifar10,cifar10_dirichlet_0.1,fedoui,11,0.1609049479166666,0.0025619904200236,12.32240438239829,74.75932154980218,beta
cifar10,cifar10_dirichlet_0.1,fedoui,12,0.1502604166666666,0.0027169227600097,42.53168198206647,208.05774465565543,beta
cifar10,cifar10_dirichlet_0.1,fedoui,13,0.1558268229166666,0.0017541011174519,5.814188485136634,30.73417866513908,beta
cifar10,cifar10_dirichlet_0.1,fedoui,14,0.16279296875,0.0011073907216389,13.71076430562119,77.87320600720398,beta
cifar10,cifar10_dirichlet_0.1,fedoui,15,0.14072265625,0.0037315607070922,4.535539214825039,21.556551549112264,beta
cifar10,cifar10_dirichlet_0.1,fedoui,16,0.1717122395833333,0.008475923538208,4.609085396863384,17.887117874767245,beta
cifar10,cifar10_dirichlet_0.1,fedoui,17,0.1646484375,0.0040349165598551,2.9855515478354104,16.73835029076756,beta
cifar10,cifar10_dirichlet_0.1,fedoui,18,0.20517578125,0.005959407488505,5.096196345837771,23.28066639553187,beta
cifar10,cifar10_dirichlet_0.1,fedoui,19,0.2294921875,0.0046843608220418,999.6701025791028,2618.789370877954,beta
cifar10,cifar10_dirichlet_0.1,fedoui_align,0,0.1375651041666666,0.0118636131286621,0.9048803263366468,6.07776816024004,beta
cifar10,cifar10_dirichlet_0.1,fedoui_align,1,0.1676106770833333,0.0034814039866129,17.118363740655273,95.10445617247532,beta
cifar10,cifar10_dirichlet_0.1,fedoui_align,2,0.18330078125,0.0018844207127888,15.573345399960871,84.72291679852928,beta
cifar10,cifar10_dirichlet_0.1,fedoui_align,3,0.1520833333333333,0.0033425331115722,2.5720144058008216,16.513077996663245,beta
cifar10,cifar10_dirichlet_0.1,fedoui_align,4,0.2145182291666666,0.0091607809066772,9.414383119775817,46.60146995779789,beta
cifar10,cifar10_dirichlet_0.1,fedoui_align,5,0.2138346354166666,0.0049435536066691,6.1318736911243965,30.20515558961277,beta
cifar10,cifar10_dirichlet_0.1,fedoui_align,6,0.20166015625,0.0043416341145833,5.678043201593002,29.221814171943816,beta
cifar10,cifar10_dirichlet_0.1,fedoui_align,7,0.1826822916666667,0.0065452575683593,5.7344113210982215,27.01537781891616,beta
cifar10,cifar10_dirichlet_0.1,fedoui_align,8,0.1694986979166667,0.0036569277445475,3.760771285200656,15.53296516793297,beta
cifar10,cifar10_dirichlet_0.1,fedoui_align,9,0.15927734375,0.0057743469874064,5.7896264385439,28.7591933345852,beta
cifar10,cifar10_dirichlet_0.1,fedoui_align,10,0.1700520833333333,0.0126378218332926,3.0962347033351456,23.636854134904222,beta
cifar10,cifar10_dirichlet_0.1,fedoui_align,11,0.2425455729166666,0.0052252054214477,2.894487865205639,13.608605531067049,beta
cifar10,cifar10_dirichlet_0.1,fedoui_align,12,0.2286458333333333,0.0151286681493123,0.7762721493750889,4.170228665560139,beta
cifar10,cifar10_dirichlet_0.1,fedoui_align,13,0.2381510416666666,0.0036251783370971,8.974443426279569,54.0559411314041,beta
cifar10,cifar10_dirichlet_0.1,fedoui_align,14,0.2377604166666666,0.006065821647644,2.739110284264685,26.02857106021775,beta
cifar10,cifar10_dirichlet_0.1,fedoui_align,15,0.2414713541666666,0.0051355361938476,2.16981304023121,9.396499053453116,beta
cifar10,cifar10_dirichlet_0.1,fedoui_align,16,0.2486328125,0.011068042119344,3.341533823263356,8.883298742015945,beta
cifar10,cifar10_dirichlet_0.1,fedoui_align,17,0.2154622395833333,0.0061704079310099,2.172093550412665,8.899204586085938,beta
cifar10,cifar10_dirichlet_0.1,fedoui_align,18,0.2241536458333333,0.0062364816665649,5.016190841657621,14.381767700099948,beta
cifar10,cifar10_dirichlet_0.1,fedoui_align,19,0.2488281249999999,0.0050202051798502,112.99319621287042,218.72994863225367,beta
cifar10,cifar10_dirichlet_0.1,fedprox,0,0.1376627604166666,0.0118415832519531,,,
cifar10,cifar10_dirichlet_0.1,fedprox,1,0.119140625,0.001074465115865,,,
cifar10,cifar10_dirichlet_0.1,fedprox,2,0.1431966145833333,0.0015241940816243,,,
cifar10,cifar10_dirichlet_0.1,fedprox,3,0.1129557291666666,0.0020994265874226,,,
cifar10,cifar10_dirichlet_0.1,fedprox,4,0.1233072916666666,0.0008525371551513,,,
cifar10,cifar10_dirichlet_0.1,fedprox,5,0.1428710937499999,0.0006637175877888,,,
cifar10,cifar10_dirichlet_0.1,fedprox,6,0.1562825520833333,0.002414846420288,,,
cifar10,cifar10_dirichlet_0.1,fedprox,7,0.1664713541666666,0.004638393719991,,,
cifar10,cifar10_dirichlet_0.1,fedprox,8,0.1812174479166667,0.0037585814793904,,,
cifar10,cifar10_dirichlet_0.1,fedprox,9,0.1770507812499999,0.0056060234705607,,,
cifar10,cifar10_dirichlet_0.1,fedprox,10,0.1452799479166666,0.0025199254353841,,,
cifar10,cifar10_dirichlet_0.1,fedprox,11,0.1857421875,0.0044205824534098,,,
cifar10,cifar10_dirichlet_0.1,fedprox,12,0.1854817708333333,0.0048393170038859,,,
cifar10,cifar10_dirichlet_0.1,fedprox,13,0.2123046875,0.0027635335922241,,,
cifar10,cifar10_dirichlet_0.1,fedprox,14,0.18662109375,0.002705446879069,,,
cifar10,cifar10_dirichlet_0.1,fedprox,15,0.1492838541666666,0.0037586291631062,,,
cifar10,cifar10_dirichlet_0.1,fedprox,16,0.1769205729166666,0.0067074060440063,,,
cifar10,cifar10_dirichlet_0.1,fedprox,17,0.1792643229166667,0.0058577458063761,,,
cifar10,cifar10_dirichlet_0.1,fedprox,18,0.18935546875,0.0049867153167724,,,
cifar10,cifar10_dirichlet_0.1,fedprox,19,0.2107421874999999,0.0112018982569376,,,
cifar10,cifar10_dirichlet_0.1_extended,fedalign,0,0.1375651041666666,0.0118636131286621,,,none
cifar10,cifar10_dirichlet_0.1_extended,fedalign,1,0.1918294270833333,0.0040916999181111,,,none
cifar10,cifar10_dirichlet_0.1_extended,fedalign,2,0.1813151041666666,0.0022746960322062,,,none
cifar10,cifar10_dirichlet_0.1_extended,fedalign,3,0.1483723958333333,0.0033281962076822,,,none
cifar10,cifar10_dirichlet_0.1_extended,fedalign,4,0.2286783854166666,0.0037346998850504,,,none
cifar10,cifar10_dirichlet_0.1_extended,fedalign,5,0.2536458333333333,0.0130656321843465,,,none
cifar10,cifar10_dirichlet_0.1_extended,fedalign,6,0.2806315104166666,0.0044924020767211,,,none
cifar10,cifar10_dirichlet_0.1_extended,fedalign,7,0.2645833333333333,0.0153308232625325,,,none
cifar10,cifar10_dirichlet_0.1_extended,fedalign,8,0.1391276041666666,0.004219643274943,,,none
cifar10,cifar10_dirichlet_0.1_extended,fedalign,9,0.1533528645833333,0.005584692955017,,,none
cifar10,cifar10_dirichlet_0.1_extended,fedalign,10,0.2255533854166666,0.0061790784200032,,,none
cifar10,cifar10_dirichlet_0.1_extended,fedalign,11,0.2596354166666667,0.0104902426401774,,,none
cifar10,cifar10_dirichlet_0.1_extended,fedalign,12,0.2205403645833333,0.006004516283671,,,none
cifar10,cifar10_dirichlet_0.1_extended,fedalign,13,0.2793294270833333,0.0038153330485026,,,none
cifar10,cifar10_dirichlet_0.1_extended,fedalign,14,0.2902994791666666,0.0056331555048624,,,none
cifar10,cifar10_dirichlet_0.1_extended,fedalign,15,0.2296549479166666,0.0033279021581013,,,none
cifar10,cifar10_dirichlet_0.1_extended,fedalign,16,0.2524088541666666,0.0052936633427937,,,none
cifar10,cifar10_dirichlet_0.1_extended,fedalign,17,0.2194661458333333,0.0032421112060546,,,none
cifar10,cifar10_dirichlet_0.1_extended,fedalign,18,0.2017903645833333,0.0047680934270222,,,none
cifar10,cifar10_dirichlet_0.1_extended,fedalign,19,0.21181640625,0.0075105667114257,,,none
cifar10,cifar10_dirichlet_0.1_extended,fedalign,20,0.2497395833333333,0.0038975318272908,,,none
cifar10,cifar10_dirichlet_0.1_extended,fedalign,21,0.2483723958333333,0.0066385746002197,,,none
cifar10,cifar10_dirichlet_0.1_extended,fedalign,22,0.24716796875,0.0049925645192464,,,none
cifar10,cifar10_dirichlet_0.1_extended,fedalign,23,0.2290690104166666,0.0043554862340291,,,none
cifar10,cifar10_dirichlet_0.1_extended,fedalign,24,0.1978515625,0.007634154955546,,,none
cifar10,cifar10_dirichlet_0.1_extended,fedalign,25,0.2187825520833333,0.0087802410125732,,,none
cifar10,cifar10_dirichlet_0.1_extended,fedalign,26,0.2410156249999999,0.0079730113347371,,,none
cifar10,cifar10_dirichlet_0.1_extended,fedalign,27,0.2138020833333333,0.0037887732187906,,,none
cifar10,cifar10_dirichlet_0.1_extended,fedalign,28,0.2553385416666666,0.0079616943995157,,,none
cifar10,cifar10_dirichlet_0.1_extended,fedalign,29,0.2612955729166666,0.0028645912806193,,,none
cifar10,cifar10_dirichlet_0.1_extended,fedalign,30,0.2130533854166666,0.0078999757766723,,,none
cifar10,cifar10_dirichlet_0.1_extended,fedalign,31,0.23330078125,0.0071490128835042,,,none
cifar10,cifar10_dirichlet_0.1_extended,fedalign,32,0.2646158854166666,0.0047866582870483,,,none
cifar10,cifar10_dirichlet_0.1_extended,fedalign,33,0.2430338541666666,0.0046298265457153,,,none
cifar10,cifar10_dirichlet_0.1_extended,fedalign,34,0.2101888020833333,0.004604419072469,,,none
cifar10,cifar10_dirichlet_0.1_extended,fedalign,35,0.2062825520833333,0.0108317534128824,,,none
cifar10,cifar10_dirichlet_0.1_extended,fedalign,36,0.2251627604166667,0.0051624695460001,,,none
cifar10,cifar10_dirichlet_0.1_extended,fedalign,37,0.2645182291666667,0.0044615745544433,,,none
cifar10,cifar10_dirichlet_0.1_extended,fedalign,38,0.2467122395833333,0.0081289609273274,,,none
cifar10,cifar10_dirichlet_0.1_extended,fedalign,39,0.2545247395833333,0.0076555093129475,,,none
cifar10,cifar10_dirichlet_0.1_extended,fedalign,40,0.2569335937499999,0.0052442948023478,,,none
cifar10,cifar10_dirichlet_0.1_extended,fedalign,41,0.25576171875,0.0052167018254597,,,none
cifar10,cifar10_dirichlet_0.1_extended,fedalign,42,0.2659830729166667,0.0040759801864624,,,none
cifar10,cifar10_dirichlet_0.1_extended,fedalign,43,0.2406575520833333,0.0031757593154907,,,none
cifar10,cifar10_dirichlet_0.1_extended,fedalign,44,0.2379231770833333,0.0073931217193603,,,none
cifar10,cifar10_dirichlet_0.1_extended,fedalign,45,0.2387369791666667,0.0056938330332438,,,none
cifar10,cifar10_dirichlet_0.1_extended,fedalign,46,0.2601888020833333,0.0066231727600097,,,none
cifar10,cifar10_dirichlet_0.1_extended,fedalign,47,0.25341796875,0.0047797362009684,,,none
cifar10,cifar10_dirichlet_0.1_extended,fedalign,48,0.2867513020833333,0.0039323012034098,,,none
cifar10,cifar10_dirichlet_0.1_extended,fedalign,49,0.2816080729166666,0.0037305275599161,,,none
cifar10,cifar10_dirichlet_0.1_extended,fedalign,50,0.2649739583333333,0.0105480511983235,,,none
cifar10,cifar10_dirichlet_0.1_extended,fedalign,51,0.2449544270833333,0.0060197750727335,,,none
cifar10,cifar10_dirichlet_0.1_extended,fedalign,52,0.3245442708333333,0.0056677341461181,,,none
cifar10,cifar10_dirichlet_0.1_extended,fedalign,53,0.3000325520833333,0.0067180156707763,,,none
cifar10,cifar10_dirichlet_0.1_extended,fedalign,54,0.3357747395833333,0.0053732951482137,,,none
cifar10,cifar10_dirichlet_0.1_extended,fedalign,55,0.32763671875,0.0033212184906005,,,none
cifar10,cifar10_dirichlet_0.1_extended,fedalign,56,0.2613606770833333,0.0127591133117675,,,none
cifar10,cifar10_dirichlet_0.1_extended,fedalign,57,0.2845052083333333,0.0080193440119425,,,none
cifar10,cifar10_dirichlet_0.1_extended,fedalign,58,0.30810546875,0.0057053327560424,,,none
cifar10,cifar10_dirichlet_0.1_extended,fedalign,59,0.2764322916666666,0.0055460135142008,,,none
cifar10,cifar10_dirichlet_0.1_extended,fedavg,0,0.1375651041666666,0.0118636131286621,,,
cifar10,cifar10_dirichlet_0.1_extended,fedavg,1,0.1193033854166666,0.0010644276936848,,,
cifar10,cifar10_dirichlet_0.1_extended,fedavg,2,0.1429361979166666,0.0015691598256429,,,
cifar10,cifar10_dirichlet_0.1_extended,fedavg,3,0.1116536458333333,0.0020805120468139,,,
cifar10,cifar10_dirichlet_0.1_extended,fedavg,4,0.1240559895833333,0.0008794625600179,,,
cifar10,cifar10_dirichlet_0.1_extended,fedavg,5,0.1425130208333333,0.0007521311442057,,,
cifar10,cifar10_dirichlet_0.1_extended,fedavg,6,0.1555013020833333,0.0022418896357218,,,
cifar10,cifar10_dirichlet_0.1_extended,fedavg,7,0.1644205729166666,0.0045895338058471,,,
cifar10,cifar10_dirichlet_0.1_extended,fedavg,8,0.18232421875,0.0037054777145385,,,
cifar10,cifar10_dirichlet_0.1_extended,fedavg,9,0.1764322916666666,0.005937639872233,,,
cifar10,cifar10_dirichlet_0.1_extended,fedavg,10,0.1421549479166666,0.0022916555404663,,,
cifar10,cifar10_dirichlet_0.1_extended,fedavg,11,0.1828776041666666,0.0044609069824218,,,
cifar10,cifar10_dirichlet_0.1_extended,fedavg,12,0.1841145833333333,0.0048074801762898,,,
cifar10,cifar10_dirichlet_0.1_extended,fedavg,13,0.2122395833333333,0.002351951599121,,,
cifar10,cifar10_dirichlet_0.1_extended,fedavg,14,0.1891276041666666,0.0028412183125813,,,
cifar10,cifar10_dirichlet_0.1_extended,fedavg,15,0.1529947916666666,0.0037444273630778,,,
cifar10,cifar10_dirichlet_0.1_extended,fedavg,16,0.1810546875,0.0066702286402384,,,
cifar10,cifar10_dirichlet_0.1_extended,fedavg,17,0.1809570312499999,0.0062341133753458,,,
cifar10,cifar10_dirichlet_0.1_extended,fedavg,18,0.19052734375,0.0055125474929809,,,
cifar10,cifar10_dirichlet_0.1_extended,fedavg,19,0.2093098958333333,0.0114020744959513,,,
cifar10,cifar10_dirichlet_0.1_extended,fedavg,20,0.2373046875,0.0051421403884887,,,
cifar10,cifar10_dirichlet_0.1_extended,fedavg,21,0.23720703125,0.0056262413660685,,,
cifar10,cifar10_dirichlet_0.1_extended,fedavg,22,0.1979166666666666,0.0080452919006347,,,
cifar10,cifar10_dirichlet_0.1_extended,fedavg,23,0.2230794270833333,0.0097012917200724,,,
cifar10,cifar10_dirichlet_0.1_extended,fedavg,24,0.2181640625,0.0055655558904012,,,
cifar10,cifar10_dirichlet_0.1_extended,fedavg,25,0.2083007812499999,0.0059472560882568,,,
cifar10,cifar10_dirichlet_0.1_extended,fedavg,26,0.2115559895833333,0.0089950164159139,,,
cifar10,cifar10_dirichlet_0.1_extended,fedavg,27,0.2072265625,0.004989210764567,,,
cifar10,cifar10_dirichlet_0.1_extended,fedavg,28,0.2001627604166666,0.0080463091532389,,,
cifar10,cifar10_dirichlet_0.1_extended,fedavg,29,0.2266276041666667,0.0030180136362711,,,
cifar10,cifar10_dirichlet_0.1_extended,fedavg,30,0.1862630208333333,0.0059084018071492,,,
cifar10,cifar10_dirichlet_0.1_extended,fedavg,31,0.1963541666666667,0.0037871360778808,,,
cifar10,cifar10_dirichlet_0.1_extended,fedavg,32,0.2193684895833333,0.007864753405253,,,
cifar10,cifar10_dirichlet_0.1_extended,fedavg,33,0.2320963541666666,0.0034899950027465,,,
cifar10,cifar10_dirichlet_0.1_extended,fedavg,34,0.2273111979166666,0.0085851192474365,,,
cifar10,cifar10_dirichlet_0.1_extended,fedavg,35,0.2164388020833333,0.008532691001892,,,
cifar10,cifar10_dirichlet_0.1_extended,fedavg,36,0.2429361979166666,0.0062049229939778,,,
cifar10,cifar10_dirichlet_0.1_extended,fedavg,37,0.2377278645833333,0.0082118352254231,,,
cifar10,cifar10_dirichlet_0.1_extended,fedavg,38,0.2421549479166666,0.0097308953603108,,,
cifar10,cifar10_dirichlet_0.1_extended,fedavg,39,0.2415690104166666,0.007186206181844,,,
cifar10,cifar10_dirichlet_0.1_extended,fedavg,40,0.2291341145833333,0.0125770330429077,,,
cifar10,cifar10_dirichlet_0.1_extended,fedavg,41,0.2427408854166667,0.0033702055613199,,,
cifar10,cifar10_dirichlet_0.1_extended,fedavg,42,0.2293294270833333,0.0080302079518636,,,
cifar10,cifar10_dirichlet_0.1_extended,fedavg,43,0.250390625,0.0042907794316609,,,
cifar10,cifar10_dirichlet_0.1_extended,fedavg,44,0.2405924479166666,0.0036272923151652,,,
cifar10,cifar10_dirichlet_0.1_extended,fedavg,45,0.2412760416666667,0.0063445647557576,,,
cifar10,cifar10_dirichlet_0.1_extended,fedavg,46,0.2737955729166667,0.0065809567769368,,,
cifar10,cifar10_dirichlet_0.1_extended,fedavg,47,0.2666666666666666,0.0093796253204345,,,
cifar10,cifar10_dirichlet_0.1_extended,fedavg,48,0.2518229166666667,0.0060911337534586,,,
cifar10,cifar10_dirichlet_0.1_extended,fedavg,49,0.2753255208333333,0.0061439911524454,,,
cifar10,cifar10_dirichlet_0.1_extended,fedavg,50,0.2726236979166667,0.0068518241246541,,,
cifar10,cifar10_dirichlet_0.1_extended,fedavg,51,0.2617513020833333,0.0065894762674967,,,
cifar10,cifar10_dirichlet_0.1_extended,fedavg,52,0.28876953125,0.0034390052159627,,,
cifar10,cifar10_dirichlet_0.1_extended,fedavg,53,0.2644856770833333,0.0088251988093058,,,
cifar10,cifar10_dirichlet_0.1_extended,fedavg,54,0.2997395833333333,0.0071884632110595,,,
cifar10,cifar10_dirichlet_0.1_extended,fedavg,55,0.26591796875,0.0083492596944173,,,
cifar10,cifar10_dirichlet_0.1_extended,fedavg,56,0.2086914062499999,0.0053840001424153,,,
cifar10,cifar10_dirichlet_0.1_extended,fedavg,57,0.2772135416666667,0.007790191968282,,,
cifar10,cifar10_dirichlet_0.1_extended,fedavg,58,0.3172526041666667,0.0071263790130615,,,
cifar10,cifar10_dirichlet_0.1_extended,fedavg,59,0.2790364583333333,0.0040394862492879,,,
cifar10,cifar10_dirichlet_0.1_extended,fedoui,0,0.1375651041666666,0.0118636131286621,0.9048803263366468,6.07776816024004,beta
cifar10,cifar10_dirichlet_0.1_extended,fedoui,1,0.105078125,0.0006664911905924,12.09457991005465,95.69349518042368,beta
cifar10,cifar10_dirichlet_0.1_extended,fedoui,2,0.1550130208333333,0.0028119087219238,5.251839653424479,17.740395511631814,beta
cifar10,cifar10_dirichlet_0.1_extended,fedoui,3,0.1279296875,0.0031033277511596,4.6018504586908655,18.61142476150345,beta
cifar10,cifar10_dirichlet_0.1_extended,fedoui,4,0.1666015625,0.0022788763046264,24.660884478502307,73.79036583723399,beta
cifar10,cifar10_dirichlet_0.1_extended,fedoui,5,0.1634440104166666,0.0026559511820475,5.381521631247488,22.6626419840066,beta
cifar10,cifar10_dirichlet_0.1_extended,fedoui,6,0.1755208333333333,0.002717113494873,10.228087556779425,52.22606663607763,beta
cifar10,cifar10_dirichlet_0.1_extended,fedoui,7,0.1499348958333333,0.0040270566940307,4.436087208349112,28.267680259969755,beta
cifar10,cifar10_dirichlet_0.1_extended,fedoui,8,0.17333984375,0.0023057222366333,6.79190341444022,43.09984046207904,beta
cifar10,cifar10_dirichlet_0.1_extended,fedoui,9,0.17587890625,0.0043127377827962,5.768392191917433,34.82840234088979,beta
cifar10,cifar10_dirichlet_0.1_extended,fedoui,10,0.1725911458333333,0.0028264125188191,3.468180635005474,22.76089595469619,beta
cifar10,cifar10_dirichlet_0.1_extended,fedoui,11,0.1609049479166666,0.0025619904200236,12.32240438239829,74.75932154980218,beta
cifar10,cifar10_dirichlet_0.1_extended,fedoui,12,0.1502604166666666,0.0027169227600097,42.53168198206647,208.05774465565543,beta
cifar10,cifar10_dirichlet_0.1_extended,fedoui,13,0.1558268229166666,0.0017541011174519,5.814188485136634,30.73417866513908,beta
cifar10,cifar10_dirichlet_0.1_extended,fedoui,14,0.16279296875,0.0011073907216389,13.71076430562119,77.87320600720398,beta
cifar10,cifar10_dirichlet_0.1_extended,fedoui,15,0.14072265625,0.0037315607070922,4.535539214825039,21.556551549112264,beta
cifar10,cifar10_dirichlet_0.1_extended,fedoui,16,0.1717122395833333,0.008475923538208,4.609085396863384,17.887117874767245,beta
cifar10,cifar10_dirichlet_0.1_extended,fedoui,17,0.1646484375,0.0040349165598551,2.9855515478354104,16.73835029076756,beta
cifar10,cifar10_dirichlet_0.1_extended,fedoui,18,0.20517578125,0.005959407488505,5.096196345837771,23.28066639553187,beta
cifar10,cifar10_dirichlet_0.1_extended,fedoui,19,0.2294921875,0.0046843608220418,999.6701025791028,2618.789370877954,beta
cifar10,cifar10_dirichlet_0.1_extended,fedoui,20,0.2080078125,0.0052190780639648,3.189948131620364,13.36609285560342,beta
cifar10,cifar10_dirichlet_0.1_extended,fedoui,21,0.19892578125,0.0046355724334716,5.306191186080113,28.19282098744662,beta
cifar10,cifar10_dirichlet_0.1_extended,fedoui,22,0.1672200520833333,0.0037514368693033,3.897937639832431,24.53146508942974,beta
cifar10,cifar10_dirichlet_0.1_extended,fedoui,23,0.2082356770833333,0.0085769891738891,3.3741985481821875,8.507435954357565,beta
cifar10,cifar10_dirichlet_0.1_extended,fedoui,24,0.2251627604166667,0.0100541909535725,3.3909357008874568,7.548945073242209,beta
cifar10,cifar10_dirichlet_0.1_extended,fedoui,25,0.2496419270833333,0.0064066807428995,10.083806147325513,18.51164523694844,beta
cifar10,cifar10_dirichlet_0.1_extended,fedoui,26,0.1793619791666666,0.0178498109181722,0.8220268902936858,3.025119067936361,beta
cifar10,cifar10_dirichlet_0.1_extended,fedoui,27,0.1825520833333333,0.0049355268478393,2.610014980793773,15.05459401017003,beta
cifar10,cifar10_dirichlet_0.1_extended,fedoui,28,0.1851236979166667,0.0079394102096557,4.99837492666483,20.516759295193527,beta
cifar10,cifar10_dirichlet_0.1_extended,fedoui,29,0.22841796875,0.0043316841125488,4.776671667753397,14.851385265551093,beta
cifar10,cifar10_dirichlet_0.1_extended,fedoui,30,0.15517578125,0.0058044115702311,1.345568207856009,11.388829618803449,beta
cifar10,cifar10_dirichlet_0.1_extended,fedoui,31,0.1956705729166666,0.0096957445144653,1.2252359202227314,5.245324071051518,beta
cifar10,cifar10_dirichlet_0.1_extended,fedoui,32,0.2295247395833333,0.0087671120961507,3.4803333748310448,10.797957393706575,beta
cifar10,cifar10_dirichlet_0.1_extended,fedoui,33,0.2313802083333333,0.003616452217102,10.437271600606032,30.59062137068217,beta
cifar10,cifar10_dirichlet_0.1_extended,fedoui,34,0.2174479166666666,0.0073186874389648,6.846673481433997,20.59361475726821,beta
cifar10,cifar10_dirichlet_0.1_extended,fedoui,35,0.1998372395833333,0.0061157306035359,7.441663550290791,30.282413061084306,beta
cifar10,cifar10_dirichlet_0.1_extended,fedoui,36,0.2376953124999999,0.0095694224039713,3.484667053570324,11.577802608126644,beta
cifar10,cifar10_dirichlet_0.1_extended,fedoui,37,0.1997721354166667,0.0082854668299357,1.251970657540395,7.905300437612209,beta
cifar10,cifar10_dirichlet_0.1_extended,fedoui,38,0.2151367187499999,0.0033182541529337,9.236830025823812,36.41236855739812,beta
cifar10,cifar10_dirichlet_0.1_extended,fedoui,39,0.2155598958333333,0.0080363114674886,19.66925927380108,58.4887597264795,beta
cifar10,cifar10_dirichlet_0.1_extended,fedoui,40,0.2098307291666666,0.0083483457565307,2.062904882063408,7.762279300415334,beta
cifar10,cifar10_dirichlet_0.1_extended,fedoui,41,0.2530924479166667,0.003133209546407,49.016343704645166,154.6053031657672,beta
cifar10,cifar10_dirichlet_0.1_extended,fedoui,42,0.2425130208333333,0.0100561300913492,14.44885914846356,34.38160873281263,beta
cifar10,cifar10_dirichlet_0.1_extended,fedoui,43,0.2486653645833333,0.0033891280492146,14.61545218750376,62.17378865397316,beta
cifar10,cifar10_dirichlet_0.1_extended,fedoui,44,0.2308593749999999,0.005802051226298,5.907408492015058,23.7891368973979,beta
cifar10,cifar10_dirichlet_0.1_extended,fedoui,45,0.2305989583333333,0.0070800224939982,6.386924374348979,22.75839897383888,beta
cifar10,cifar10_dirichlet_0.1_extended,fedoui,46,0.24326171875,0.0073844114939371,14.663418358722806,37.400868740209766,beta
cifar10,cifar10_dirichlet_0.1_extended,fedoui,47,0.258203125,0.0064955393473307,11.036363548384331,30.42084948736605,beta
cifar10,cifar10_dirichlet_0.1_extended,fedoui,48,0.2852539062499999,0.0061980088551839,8.651669955123962,28.32374754924556,beta
cifar10,cifar10_dirichlet_0.1_extended,fedoui,49,0.2943684895833333,0.0045847733815511,10.241851363576188,26.17362015136137,beta
cifar10,cifar10_dirichlet_0.1_extended,fedoui,50,0.2601888020833333,0.0124388694763183,1.9495759698010091,6.726503096153938,beta
cifar10,cifar10_dirichlet_0.1_extended,fedoui,51,0.2305013020833333,0.0072317997614542,1.7280285981988162,9.359072182224663,beta
cifar10,cifar10_dirichlet_0.1_extended,fedoui,52,0.2435221354166666,0.0060969432195027,4.384949978816876,13.845617533600832,beta
cifar10,cifar10_dirichlet_0.1_extended,fedoui,53,0.2592122395833333,0.0080431699752807,11.084669069886903,23.41594226009544,beta
cifar10,cifar10_dirichlet_0.1_extended,fedoui,54,0.2796549479166667,0.0083184639612833,9.968515720926316,18.136550628821887,beta
cifar10,cifar10_dirichlet_0.1_extended,fedoui,55,0.2707356770833333,0.0053510189056396,17.634491770910554,35.601709801649605,beta
cifar10,cifar10_dirichlet_0.1_extended,fedoui,56,0.2099609375,0.0076187054316202,3.006938105616208,10.527587697245318,beta
cifar10,cifar10_dirichlet_0.1_extended,fedoui,57,0.2848307291666667,0.0049799601236979,20.66169402255184,51.45001245015806,beta
cifar10,cifar10_dirichlet_0.1_extended,fedoui,58,0.3079427083333333,0.0050943613052368,12.082182807364772,27.369842686071216,beta
cifar10,cifar10_dirichlet_0.1_extended,fedoui,59,0.2637695312499999,0.0069881916046142,13.373353756298672,34.17634848831883,beta
cifar10,cifar10_dirichlet_0.1_extended,fedoui_align,0,0.1375651041666666,0.0118636131286621,0.9048803263366468,6.07776816024004,beta
cifar10,cifar10_dirichlet_0.1_extended,fedoui_align,1,0.1676106770833333,0.0034814039866129,17.118363740655273,95.10445617247532,beta
cifar10,cifar10_dirichlet_0.1_extended,fedoui_align,2,0.18330078125,0.0018844207127888,15.573345399960871,84.72291679852928,beta
cifar10,cifar10_dirichlet_0.1_extended,fedoui_align,3,0.1520833333333333,0.0033425331115722,2.5720144058008216,16.513077996663245,beta
cifar10,cifar10_dirichlet_0.1_extended,fedoui_align,4,0.2145182291666666,0.0091607809066772,9.414383119775817,46.60146995779789,beta
cifar10,cifar10_dirichlet_0.1_extended,fedoui_align,5,0.2138346354166666,0.0049435536066691,6.1318736911243965,30.20515558961277,beta
cifar10,cifar10_dirichlet_0.1_extended,fedoui_align,6,0.20166015625,0.0043416341145833,5.678043201593002,29.221814171943816,beta
cifar10,cifar10_dirichlet_0.1_extended,fedoui_align,7,0.1826822916666667,0.0065452575683593,5.7344113210982215,27.01537781891616,beta
cifar10,cifar10_dirichlet_0.1_extended,fedoui_align,8,0.1694986979166667,0.0036569277445475,3.760771285200656,15.53296516793297,beta
cifar10,cifar10_dirichlet_0.1_extended,fedoui_align,9,0.15927734375,0.0057743469874064,5.7896264385439,28.7591933345852,beta
cifar10,cifar10_dirichlet_0.1_extended,fedoui_align,10,0.1700520833333333,0.0126378218332926,3.0962347033351456,23.636854134904222,beta
cifar10,cifar10_dirichlet_0.1_extended,fedoui_align,11,0.2425455729166666,0.0052252054214477,2.894487865205639,13.608605531067049,beta
cifar10,cifar10_dirichlet_0.1_extended,fedoui_align,12,0.2286458333333333,0.0151286681493123,0.7762721493750889,4.170228665560139,beta
cifar10,cifar10_dirichlet_0.1_extended,fedoui_align,13,0.2381510416666666,0.0036251783370971,8.974443426279569,54.0559411314041,beta
cifar10,cifar10_dirichlet_0.1_extended,fedoui_align,14,0.2377604166666666,0.006065821647644,2.739110284264685,26.02857106021775,beta
cifar10,cifar10_dirichlet_0.1_extended,fedoui_align,15,0.2414713541666666,0.0051355361938476,2.16981304023121,9.396499053453116,beta
cifar10,cifar10_dirichlet_0.1_extended,fedoui_align,16,0.2486328125,0.011068042119344,3.341533823263356,8.883298742015945,beta
cifar10,cifar10_dirichlet_0.1_extended,fedoui_align,17,0.2154622395833333,0.0061704079310099,2.172093550412665,8.899204586085938,beta
cifar10,cifar10_dirichlet_0.1_extended,fedoui_align,18,0.2241536458333333,0.0062364816665649,5.016190841657621,14.381767700099948,beta
cifar10,cifar10_dirichlet_0.1_extended,fedoui_align,19,0.2488281249999999,0.0050202051798502,112.99319621287042,218.72994863225367,beta
cifar10,cifar10_dirichlet_0.1_extended,fedoui_align,20,0.2469401041666666,0.0030439456303914,21.118772781071247,42.00330348225904,beta
cifar10,cifar10_dirichlet_0.1_extended,fedoui_align,21,0.237890625,0.0047643582026163,5.997116675979345,13.87682337645706,beta
cifar10,cifar10_dirichlet_0.1_extended,fedoui_align,22,0.1917643229166666,0.0063910722732543,3.3628948644268637,12.638984044370106,beta
cifar10,cifar10_dirichlet_0.1_extended,fedoui_align,23,0.2057942708333333,0.0079821507136027,7.026237973146232,20.81767721455401,beta
cifar10,cifar10_dirichlet_0.1_extended,fedoui_align,24,0.21962890625,0.007164454460144,7.858785743633433,26.110807339864397,beta
cifar10,cifar10_dirichlet_0.1_extended,fedoui_align,25,0.2525065104166666,0.0027147769927978,41.93187587842161,86.89572958063548,beta
cifar10,cifar10_dirichlet_0.1_extended,fedoui_align,26,0.20556640625,0.0136903842290242,3.392572845060823,14.2957906648286,beta
cifar10,cifar10_dirichlet_0.1_extended,fedoui_align,27,0.2177408854166666,0.0070991675059,4.5387200938241685,15.917483145946733,beta
cifar10,cifar10_dirichlet_0.1_extended,fedoui_align,28,0.2512369791666667,0.0073107560475667,102.28502920742608,246.1509984319761,beta
cifar10,cifar10_dirichlet_0.1_extended,fedoui_align,29,0.2888997395833333,0.0010155280431111,232.33563417805777,454.0800882637516,beta
cifar10,cifar10_dirichlet_0.1_extended,fedoui_align,30,0.2190104166666666,0.010672911008199,2.147140178531164,8.474461477584352,beta
cifar10,cifar10_dirichlet_0.1_extended,fedoui_align,31,0.23115234375,0.0088831027348836,2.9504797503085256,9.701493718351148,beta
cifar10,cifar10_dirichlet_0.1_extended,fedoui_align,32,0.2462890625,0.0083714882532755,2.762277767483309,8.698712645413403,beta
cifar10,cifar10_dirichlet_0.1_extended,fedoui_align,33,0.271875,0.0049007336298624,11.342233793248978,29.410213239336823,beta
cifar10,cifar10_dirichlet_0.1_extended,fedoui_align,34,0.2567708333333333,0.0073100646336873,10.287620297902706,25.925934824312392,beta
cifar10,cifar10_dirichlet_0.1_extended,fedoui_align,35,0.2190755208333333,0.0067060311635335,11.305750319029563,35.546084268935935,beta
cifar10,cifar10_dirichlet_0.1_extended,fedoui_align,36,0.2369466145833333,0.0082379659016927,4.380304754286125,18.34224878365203,beta
cifar10,cifar10_dirichlet_0.1_extended,fedoui_align,37,0.21845703125,0.0068836688995361,2.9664437788583697,14.632851873233,beta
cifar10,cifar10_dirichlet_0.1_extended,fedoui_align,38,0.2205403645833333,0.0049210309982299,2.3423262609644526,11.69244314352706,beta
cifar10,cifar10_dirichlet_0.1_extended,fedoui_align,39,0.22119140625,0.0087133169174194,7.49045560907551,29.94354411612372,beta
cifar10,cifar10_dirichlet_0.1_extended,fedoui_align,40,0.2315755208333333,0.0069067478179931,1.4226361905346572,7.498242309817388,beta
cifar10,cifar10_dirichlet_0.1_extended,fedoui_align,41,0.24853515625,0.002149756749471,63.23488835565988,327.07569438210817,beta
cifar10,cifar10_dirichlet_0.1_extended,fedoui_align,42,0.2444661458333333,0.0065806150436401,13.12249422402068,43.79166962772509,beta
cifar10,cifar10_dirichlet_0.1_extended,fedoui_align,43,0.2412434895833333,0.0054049253463745,7.58049611986503,45.44155324312534,beta
cifar10,cifar10_dirichlet_0.1_extended,fedoui_align,44,0.2183919270833333,0.0042652448018391,3.89944439870081,28.17309427013156,beta
cifar10,cifar10_dirichlet_0.1_extended,fedoui_align,45,0.24169921875,0.0052825371424357,6.4348693066007385,35.69624431206394,beta
cifar10,cifar10_dirichlet_0.1_extended,fedoui_align,46,0.25908203125,0.0054378747940063,10.176436332457,27.254134085775647,beta
cifar10,cifar10_dirichlet_0.1_extended,fedoui_align,47,0.2705078125,0.0052984078725179,10.742235113069151,37.41909919421111,beta
cifar10,cifar10_dirichlet_0.1_extended,fedoui_align,48,0.3012369791666667,0.0017462571461995,36.80715041244167,116.65588713780372,beta
cifar10,cifar10_dirichlet_0.1_extended,fedoui_align,49,0.30400390625,0.0053533156712849,20.717327687164342,43.12421174002883,beta
cifar10,cifar10_dirichlet_0.1_extended,fedoui_align,50,0.28486328125,0.0119751135508219,7.192986717693668,17.212640846648,beta
cifar10,cifar10_dirichlet_0.1_extended,fedoui_align,51,0.2646158854166666,0.0084593534469604,4.150157463995745,12.138693602051182,beta
cifar10,cifar10_dirichlet_0.1_extended,fedoui_align,52,0.2748372395833333,0.0036441405614217,53.70104769962303,146.69936354095273,beta
cifar10,cifar10_dirichlet_0.1_extended,fedoui_align,53,0.2611328125,0.0080469846725463,56.548740258012565,130.36510746375913,beta
cifar10,cifar10_dirichlet_0.1_extended,fedoui_align,54,0.2846028645833333,0.0046309947967529,24.999192655409797,51.59917143537305,beta
cifar10,cifar10_dirichlet_0.1_extended,fedoui_align,55,0.2536458333333333,0.0057806809743245,12.922374725900982,34.79674434846831,beta
cifar10,cifar10_dirichlet_0.1_extended,fedoui_align,56,0.211328125,0.0107715924580891,1.4698864051667853,8.092779915613317,beta
cifar10,cifar10_dirichlet_0.1_extended,fedoui_align,57,0.2983072916666666,0.0073534886042277,6.477777199375899,20.89838397338894,beta
cifar10,cifar10_dirichlet_0.1_extended,fedoui_align,58,0.32099609375,0.0046464204788208,7.279324700342465,24.01382598458904,beta
cifar10,cifar10_dirichlet_0.1_extended,fedoui_align,59,0.2589518229166667,0.0076787710189819,4.317202760679272,15.132052087255506,beta
cifar10,cifar10_dirichlet_0.1_extended,fedprox,0,0.1376627604166666,0.0118415832519531,,,
cifar10,cifar10_dirichlet_0.1_extended,fedprox,1,0.119140625,0.001074465115865,,,
cifar10,cifar10_dirichlet_0.1_extended,fedprox,2,0.1431966145833333,0.0015241940816243,,,
cifar10,cifar10_dirichlet_0.1_extended,fedprox,3,0.1129557291666666,0.0020994265874226,,,
cifar10,cifar10_dirichlet_0.1_extended,fedprox,4,0.1233072916666666,0.0008525371551513,,,
cifar10,cifar10_dirichlet_0.1_extended,fedprox,5,0.1428710937499999,0.0006637175877888,,,
cifar10,cifar10_dirichlet_0.1_extended,fedprox,6,0.1562825520833333,0.002414846420288,,,
cifar10,cifar10_dirichlet_0.1_extended,fedprox,7,0.1664713541666666,0.004638393719991,,,
cifar10,cifar10_dirichlet_0.1_extended,fedprox,8,0.1812174479166667,0.0037585814793904,,,
cifar10,cifar10_dirichlet_0.1_extended,fedprox,9,0.1770507812499999,0.0056060234705607,,,
cifar10,cifar10_dirichlet_0.1_extended,fedprox,10,0.1452799479166666,0.0025199254353841,,,
cifar10,cifar10_dirichlet_0.1_extended,fedprox,11,0.1857421875,0.0044205824534098,,,
cifar10,cifar10_dirichlet_0.1_extended,fedprox,12,0.1854817708333333,0.0048393170038859,,,
cifar10,cifar10_dirichlet_0.1_extended,fedprox,13,0.2123046875,0.0027635335922241,,,
cifar10,cifar10_dirichlet_0.1_extended,fedprox,14,0.18662109375,0.002705446879069,,,
cifar10,cifar10_dirichlet_0.1_extended,fedprox,15,0.1492838541666666,0.0037586291631062,,,
cifar10,cifar10_dirichlet_0.1_extended,fedprox,16,0.1769205729166666,0.0067074060440063,,,
cifar10,cifar10_dirichlet_0.1_extended,fedprox,17,0.1792643229166667,0.0058577458063761,,,
cifar10,cifar10_dirichlet_0.1_extended,fedprox,18,0.18935546875,0.0049867153167724,,,
cifar10,cifar10_dirichlet_0.1_extended,fedprox,19,0.2107421874999999,0.0112018982569376,,,
cifar10,cifar10_dirichlet_0.1_extended,fedprox,20,0.2365559895833333,0.0056934118270874,,,
cifar10,cifar10_dirichlet_0.1_extended,fedprox,21,0.2344075520833333,0.0051482121149698,,,
cifar10,cifar10_dirichlet_0.1_extended,fedprox,22,0.1989908854166666,0.0079130967458089,,,
cifar10,cifar10_dirichlet_0.1_extended,fedprox,23,0.2304036458333333,0.00969185034434,,,
cifar10,cifar10_dirichlet_0.1_extended,fedprox,24,0.2218424479166666,0.005386741956075,,,
cifar10,cifar10_dirichlet_0.1_extended,fedprox,25,0.2119466145833333,0.0061737457911173,,,
cifar10,cifar10_dirichlet_0.1_extended,fedprox,26,0.2125325520833333,0.0094304084777832,,,
cifar10,cifar10_dirichlet_0.1_extended,fedprox,27,0.2074544270833333,0.0046869277954101,,,
cifar10,cifar10_dirichlet_0.1_extended,fedprox,28,0.20546875,0.0070292552312215,,,
cifar10,cifar10_dirichlet_0.1_extended,fedprox,29,0.2338216145833333,0.0030608177185058,,,
cifar10,cifar10_dirichlet_0.1_extended,fedprox,30,0.18720703125,0.0057459115982055,,,
cifar10,cifar10_dirichlet_0.1_extended,fedprox,31,0.19873046875,0.0036797444025675,,,
cifar10,cifar10_dirichlet_0.1_extended,fedprox,32,0.2202799479166667,0.0062996705373128,,,
cifar10,cifar10_dirichlet_0.1_extended,fedprox,33,0.2298177083333333,0.0033374547958374,,,
cifar10,cifar10_dirichlet_0.1_extended,fedprox,34,0.2284830729166666,0.0093402862548828,,,
cifar10,cifar10_dirichlet_0.1_extended,fedprox,35,0.2164713541666666,0.0082716306050618,,,
cifar10,cifar10_dirichlet_0.1_extended,fedprox,36,0.2423177083333333,0.0055936415990193,,,
cifar10,cifar10_dirichlet_0.1_extended,fedprox,37,0.24404296875,0.0089220921198527,,,
cifar10,cifar10_dirichlet_0.1_extended,fedprox,38,0.2541341145833333,0.0094884395599365,,,
cifar10,cifar10_dirichlet_0.1_extended,fedprox,39,0.24482421875,0.0068898836771647,,,
cifar10,cifar10_dirichlet_0.1_extended,fedprox,40,0.2329427083333333,0.0128277778625488,,,
cifar10,cifar10_dirichlet_0.1_extended,fedprox,41,0.2442708333333333,0.0032699982325236,,,
cifar10,cifar10_dirichlet_0.1_extended,fedprox,42,0.2325846354166666,0.007960557937622,,,
cifar10,cifar10_dirichlet_0.1_extended,fedprox,43,0.24853515625,0.0044981479644775,,,
cifar10,cifar10_dirichlet_0.1_extended,fedprox,44,0.2420247395833333,0.0038193941116333,,,
cifar10,cifar10_dirichlet_0.1_extended,fedprox,45,0.24033203125,0.0072598059972127,,,
cifar10,cifar10_dirichlet_0.1_extended,fedprox,46,0.2724609375,0.0067044099171956,,,
cifar10,cifar10_dirichlet_0.1_extended,fedprox,47,0.268359375,0.0091812849044799,,,
cifar10,cifar10_dirichlet_0.1_extended,fedprox,48,0.24833984375,0.0054297447204589,,,
cifar10,cifar10_dirichlet_0.1_extended,fedprox,49,0.2745117187499999,0.0056728283564249,,,
cifar10,cifar10_dirichlet_0.1_extended,fedprox,50,0.2712565104166666,0.0074403921763102,,,
cifar10,cifar10_dirichlet_0.1_extended,fedprox,51,0.25419921875,0.0063625176747639,,,
cifar10,cifar10_dirichlet_0.1_extended,fedprox,52,0.2822591145833333,0.0028143803278605,,,
cifar10,cifar10_dirichlet_0.1_extended,fedprox,53,0.2632812499999999,0.0086479902267456,,,
cifar10,cifar10_dirichlet_0.1_extended,fedprox,54,0.3037760416666666,0.0061396519343058,,,
cifar10,cifar10_dirichlet_0.1_extended,fedprox,55,0.2726888020833333,0.0073012272516886,,,
cifar10,cifar10_dirichlet_0.1_extended,fedprox,56,0.2137369791666666,0.0059331496556599,,,
cifar10,cifar10_dirichlet_0.1_extended,fedprox,57,0.2735677083333333,0.0073557058970133,,,
cifar10,cifar10_dirichlet_0.1_extended,fedprox,58,0.3187825520833333,0.0074837446212768,,,
cifar10,cifar10_dirichlet_0.1_extended,fedprox,59,0.2809244791666667,0.0042336861292521,,,
cifar10,cifar10_dirichlet_1.0,fedalign,0,0.1865559895833333,0.0025134960810343,,,none
cifar10,cifar10_dirichlet_1.0,fedalign,1,0.1516601562499999,0.0011341174443562,,,none
cifar10,cifar10_dirichlet_1.0,fedalign,2,0.1702799479166666,0.0018140713373819,,,none
cifar10,cifar10_dirichlet_1.0,fedalign,3,0.1602864583333333,0.0013985236485799,,,none
cifar10,cifar10_dirichlet_1.0,fedalign,4,0.1534830729166666,0.0011062463124593,,,none
cifar10,cifar10_dirichlet_1.0,fedalign,5,0.1675130208333333,0.0018375476201375,,,none
cifar10,cifar10_dirichlet_1.0,fedalign,6,0.1755208333333333,0.0006380081176757,,,none
cifar10,cifar10_dirichlet_1.0,fedalign,7,0.1839192708333333,0.0008649110794067,,,none
cifar10,cifar10_dirichlet_1.0,fedalign,8,0.1888020833333333,0.0011373917261759,,,none
cifar10,cifar10_dirichlet_1.0,fedalign,9,0.2098958333333333,0.001872698465983,,,none
cifar10,cifar10_dirichlet_1.0,fedalign,10,0.2154296875,0.0006517807642618,,,none
cifar10,cifar10_dirichlet_1.0,fedalign,11,0.209375,0.0013238986333211,,,none
cifar10,cifar10_dirichlet_1.0,fedalign,12,0.2081705729166666,0.0016181707382202,,,none
cifar10,cifar10_dirichlet_1.0,fedalign,13,0.23115234375,0.0014238119125366,,,none
cifar10,cifar10_dirichlet_1.0,fedalign,14,0.22724609375,0.0019062757492065,,,none
cifar10,cifar10_dirichlet_1.0,fedalign,15,0.2281575520833333,0.0015664021174112,,,none
cifar10,cifar10_dirichlet_1.0,fedalign,16,0.2482421875,0.0024074792861938,,,none
cifar10,cifar10_dirichlet_1.0,fedalign,17,0.2572591145833333,0.0005988995234171,,,none
cifar10,cifar10_dirichlet_1.0,fedalign,18,0.2426432291666666,0.0019305229187011,,,none
cifar10,cifar10_dirichlet_1.0,fedalign,19,0.2532552083333333,0.0009973605473836,,,none
cifar10,cifar10_dirichlet_1.0,fedavg,0,0.1865559895833333,0.0025134960810343,,,
cifar10,cifar10_dirichlet_1.0,fedavg,1,0.15634765625,0.0016312837600708,,,
cifar10,cifar10_dirichlet_1.0,fedavg,2,0.1722330729166666,0.0015028953552246,,,
cifar10,cifar10_dirichlet_1.0,fedavg,3,0.16005859375,0.0011186043421427,,,
cifar10,cifar10_dirichlet_1.0,fedavg,4,0.1589192708333333,0.0013731082280476,,,
cifar10,cifar10_dirichlet_1.0,fedavg,5,0.1716796874999999,0.0011154095331827,,,
cifar10,cifar10_dirichlet_1.0,fedavg,6,0.1780598958333333,0.001463762919108,,,
cifar10,cifar10_dirichlet_1.0,fedavg,7,0.1940104166666666,0.0008084138234456,,,
cifar10,cifar10_dirichlet_1.0,fedavg,8,0.1715494791666666,0.001263936360677,,,
cifar10,cifar10_dirichlet_1.0,fedavg,9,0.1924479166666667,0.0015315373738606,,,
cifar10,cifar10_dirichlet_1.0,fedavg,10,0.2023111979166666,0.0003947178522745,,,
cifar10,cifar10_dirichlet_1.0,fedavg,11,0.2033203124999999,0.0011771440505981,,,
cifar10,cifar10_dirichlet_1.0,fedavg,12,0.2056640625,0.0007001876831054,,,
cifar10,cifar10_dirichlet_1.0,fedavg,13,0.2090169270833333,0.0009401400883992,,,
cifar10,cifar10_dirichlet_1.0,fedavg,14,0.2186848958333333,0.0012874126434326,,,
cifar10,cifar10_dirichlet_1.0,fedavg,15,0.2090494791666667,0.0011547962824503,,,
cifar10,cifar10_dirichlet_1.0,fedavg,16,0.23818359375,0.0024441878000895,,,
cifar10,cifar10_dirichlet_1.0,fedavg,17,0.2355794270833333,0.0006831884384155,,,
cifar10,cifar10_dirichlet_1.0,fedavg,18,0.2255533854166666,0.0020028988520304,,,
cifar10,cifar10_dirichlet_1.0,fedavg,19,0.2467447916666666,0.0011793931325276,,,
cifar10,cifar10_dirichlet_1.0,fedoui,0,0.1865559895833333,0.0025134960810343,13.469809880066348,70.32779228996975,beta
cifar10,cifar10_dirichlet_1.0,fedoui,1,0.1544921875,0.001496402422587,10.734230858826049,50.23000873872178,beta
cifar10,cifar10_dirichlet_1.0,fedoui,2,0.16591796875,0.0009696801503499,28.72620054172137,123.92366637432782,beta
cifar10,cifar10_dirichlet_1.0,fedoui,3,0.1591796875,0.0011477390925089,100.5820549757236,553.3609564219969,beta
cifar10,cifar10_dirichlet_1.0,fedoui,4,0.1555013020833333,0.001232091585795,6.645973489025335,41.44926928667744,beta
cifar10,cifar10_dirichlet_1.0,fedoui,5,0.1691731770833333,0.0010337273279825,43.30040655441873,223.00359531780217,beta
cifar10,cifar10_dirichlet_1.0,fedoui,6,0.1685872395833333,0.0015104373296101,18.799488059205988,90.26949648825538,beta
cifar10,cifar10_dirichlet_1.0,fedoui,7,0.17568359375,0.0011551698048909,13.597159920321884,58.845565149447154,beta
cifar10,cifar10_dirichlet_1.0,fedoui,8,0.1580729166666666,0.0010366519292195,10.707342711375643,67.44175876010446,beta
cifar10,cifar10_dirichlet_1.0,fedoui,9,0.1791341145833333,0.0012355645497639,12.649517669912942,61.75086196242969,beta
cifar10,cifar10_dirichlet_1.0,fedoui,10,0.1867187499999999,0.0005674680074055,31.314826791102725,141.36359342477874,beta
cifar10,cifar10_dirichlet_1.0,fedoui,11,0.1821614583333333,0.0008762677510579,35.42574994046827,152.8252513000066,beta
cifar10,cifar10_dirichlet_1.0,fedoui,12,0.1897135416666666,0.0007194201151529,32.857648437376646,156.27237966759068,beta
cifar10,cifar10_dirichlet_1.0,fedoui,13,0.2032877604166666,0.0010368903477986,62.34490196749123,273.3079876997592,beta
cifar10,cifar10_dirichlet_1.0,fedoui,14,0.2057942708333333,0.000670035680135,39.64762216862416,172.91345165687918,beta
cifar10,cifar10_dirichlet_1.0,fedoui,15,0.1891276041666666,0.00079185962677,19.274981552012488,88.05281132053122,beta
cifar10,cifar10_dirichlet_1.0,fedoui,16,0.2111979166666666,0.0015474239985148,44.92775707433768,189.080499508174,beta
cifar10,cifar10_dirichlet_1.0,fedoui,17,0.2178385416666667,0.0005496501922607,45.50463090588441,184.1491002307624,beta
cifar10,cifar10_dirichlet_1.0,fedoui,18,0.2027018229166667,0.0007407029469807,19.20014451921464,86.84596113167957,beta
cifar10,cifar10_dirichlet_1.0,fedoui,19,0.22236328125,0.0008128722508748,37.97958203696925,137.52173567898973,beta
cifar10,cifar10_dirichlet_1.0,fedoui_align,0,0.1865559895833333,0.0025134960810343,13.469809880066348,70.32779228996975,beta
cifar10,cifar10_dirichlet_1.0,fedoui_align,1,0.1448893229166666,0.0015429496765136,8.926803061485604,44.03406794060744,beta
cifar10,cifar10_dirichlet_1.0,fedoui_align,2,0.1536458333333333,0.0012975056966145,10.230544521153552,57.40068588337349,beta
cifar10,cifar10_dirichlet_1.0,fedoui_align,3,0.1617513020833333,0.0014467398325602,36.34495457048458,208.5052656938326,beta
cifar10,cifar10_dirichlet_1.0,fedoui_align,4,0.1499348958333333,0.0008963505427042,5.5991618653817135,47.58768182804013,beta
cifar10,cifar10_dirichlet_1.0,fedoui_align,5,0.1578125,0.0008593877156575,24.811954548715736,184.13082059836412,beta
cifar10,cifar10_dirichlet_1.0,fedoui_align,6,0.1715494791666666,0.0012735207875569,32.36930345558714,190.83720656812488,beta
cifar10,cifar10_dirichlet_1.0,fedoui_align,7,0.1698893229166666,0.0006486972173055,36.56283202294943,197.4392929239269,beta
cifar10,cifar10_dirichlet_1.0,fedoui_align,8,0.1781901041666666,0.000548505783081,67.13981956066945,389.9823561715481,beta
cifar10,cifar10_dirichlet_1.0,fedoui_align,9,0.1837239583333333,0.0008702119191487,22.529921853314104,122.20433145781288,beta
cifar10,cifar10_dirichlet_1.0,fedoui_align,10,0.2021158854166666,0.0007052183151245,107.54317801339286,452.8853934151786,beta
cifar10,cifar10_dirichlet_1.0,fedoui_align,11,0.1937825520833333,0.000962209701538,23.409120240186372,96.26606261528468,beta
cifar10,cifar10_dirichlet_1.0,fedoui_align,12,0.1976236979166666,0.0011486768722534,55.576947017231056,268.14770455071323,beta
cifar10,cifar10_dirichlet_1.0,fedoui_align,13,0.2025716145833333,0.0009342511494954,21.49437186556047,104.20658067775148,beta
cifar10,cifar10_dirichlet_1.0,fedoui_align,14,0.1989583333333333,0.0007070620854695,25.435365503769912,120.3162532755272,beta
cifar10,cifar10_dirichlet_1.0,fedoui_align,15,0.19521484375,0.0009727239608764,13.999759700197222,68.34230769211729,beta
cifar10,cifar10_dirichlet_1.0,fedoui_align,16,0.2217447916666667,0.0009500980377197,87.92140571648078,316.8965774385386,beta
cifar10,cifar10_dirichlet_1.0,fedoui_align,17,0.2366210937499999,0.0004069169362386,59.89486378082683,210.88809653514085,beta
cifar10,cifar10_dirichlet_1.0,fedoui_align,18,0.2160807291666666,0.0015027125676472,12.398504107116525,47.85810816477394,beta
cifar10,cifar10_dirichlet_1.0,fedoui_align,19,0.230859375,0.0005400975545247,51.411237947322014,167.66952633922705,beta
cifar10,cifar10_dirichlet_1.0,fedprox,0,0.1865559895833333,0.0025040705998738,,,
cifar10,cifar10_dirichlet_1.0,fedprox,1,0.1564778645833333,0.0016187985738118,,,
cifar10,cifar10_dirichlet_1.0,fedprox,2,0.1722981770833333,0.0014654636383056,,,
cifar10,cifar10_dirichlet_1.0,fedprox,3,0.1593098958333333,0.0011044343312581,,,
cifar10,cifar10_dirichlet_1.0,fedprox,4,0.1585611979166666,0.0013887723286946,,,
cifar10,cifar10_dirichlet_1.0,fedprox,5,0.1701171875,0.0010265747706095,,,
cifar10,cifar10_dirichlet_1.0,fedprox,6,0.1799153645833333,0.0016721089680989,,,
cifar10,cifar10_dirichlet_1.0,fedprox,7,0.1924479166666667,0.0007531642913818,,,
cifar10,cifar10_dirichlet_1.0,fedprox,8,0.1685221354166667,0.0010783036549886,,,
cifar10,cifar10_dirichlet_1.0,fedprox,9,0.19404296875,0.0012792507807413,,,
cifar10,cifar10_dirichlet_1.0,fedprox,10,0.2009114583333333,0.0004607200622558,,,
cifar10,cifar10_dirichlet_1.0,fedprox,11,0.2010091145833333,0.0008583704630533,,,
cifar10,cifar10_dirichlet_1.0,fedprox,12,0.2070963541666667,0.0006799459457397,,,
cifar10,cifar10_dirichlet_1.0,fedprox,13,0.2143880208333333,0.0008649031321207,,,
cifar10,cifar10_dirichlet_1.0,fedprox,14,0.2251627604166667,0.0014619906743367,,,
cifar10,cifar10_dirichlet_1.0,fedprox,15,0.20703125,0.0012702067693074,,,
cifar10,cifar10_dirichlet_1.0,fedprox,16,0.2373046875,0.0020224253336588,,,
cifar10,cifar10_dirichlet_1.0,fedprox,17,0.2405598958333333,0.0006887594858805,,,
cifar10,cifar10_dirichlet_1.0,fedprox,18,0.23056640625,0.0021162350972493,,,
cifar10,cifar10_dirichlet_1.0,fedprox,19,0.2486979166666666,0.0012561162312825,,,
cifar10,cifar10_noisy_clients,fedalign,0,0.16904296875,0.0164312601089477,,,none
cifar10,cifar10_noisy_clients,fedalign,1,0.24248046875,0.0190422058105468,,,none
cifar10,cifar10_noisy_clients,fedalign,2,0.36416015625,0.0055290937423706,,,none
cifar10,cifar10_noisy_clients,fedalign,3,0.3435546875,0.0040834665298461,,,none
cifar10,cifar10_noisy_clients,fedalign,4,0.25185546875,0.0033926248550415,,,none
cifar10,cifar10_noisy_clients,fedalign,5,0.23671875,0.0052550315856933,,,none
cifar10,cifar10_noisy_clients,fedalign,6,0.18623046875,0.002716851234436,,,none
cifar10,cifar10_noisy_clients,fedalign,7,0.18759765625,0.0025593519210815,,,none
cifar10,cifar10_noisy_clients,fedalign,8,0.23564453125,0.0047176599502563,,,none
cifar10,cifar10_noisy_clients,fedalign,9,0.22333984375,0.0059192895889282,,,none
cifar10,cifar10_noisy_clients,fedalign,10,0.19033203125,0.0030811309814453,,,none
cifar10,cifar10_noisy_clients,fedalign,11,0.16650390625,0.0042858123779296,,,none
cifar10,cifar10_noisy_clients,fedalign,12,0.16591796875,0.0028770446777343,,,none
cifar10,cifar10_noisy_clients,fedalign,13,0.19814453125,0.0024351358413696,,,none
cifar10,cifar10_noisy_clients,fedalign,14,0.203125,0.0078502893447875,,,none
cifar10,cifar10_noisy_clients,fedalign,15,0.35439453125,0.0005548477172851,,,none
cifar10,cifar10_noisy_clients,fedalign,16,0.30107421875,0.0048152923583984,,,none
cifar10,cifar10_noisy_clients,fedalign,17,0.2525390625,0.0014604806900024,,,none
cifar10,cifar10_noisy_clients,fedalign,18,0.25595703125,0.0026026248931884,,,none
cifar10,cifar10_noisy_clients,fedalign,19,0.23876953125,0.0037136077880859,,,none
cifar10,cifar10_noisy_clients,fedavg,0,0.16904296875,0.0164312601089477,,,
cifar10,cifar10_noisy_clients,fedavg,1,0.17119140625,0.0065468072891235,,,
cifar10,cifar10_noisy_clients,fedavg,2,0.1841796875,0.0030949592590332,,,
cifar10,cifar10_noisy_clients,fedavg,3,0.20283203125,0.0015446662902832,,,
cifar10,cifar10_noisy_clients,fedavg,4,0.17548828125,0.0025075197219848,,,
cifar10,cifar10_noisy_clients,fedavg,5,0.1828125,0.0028531074523925,,,
cifar10,cifar10_noisy_clients,fedavg,6,0.14208984375,0.0004839897155761,,,
cifar10,cifar10_noisy_clients,fedavg,7,0.12080078125,0.0007718324661254,,,
cifar10,cifar10_noisy_clients,fedavg,8,0.14111328125,0.0021178722381591,,,
cifar10,cifar10_noisy_clients,fedavg,9,0.146875,0.0028862237930297,,,
cifar10,cifar10_noisy_clients,fedavg,10,0.1595703125,0.0011741399765014,,,
cifar10,cifar10_noisy_clients,fedavg,11,0.1197265625,0.001404333114624,,,
cifar10,cifar10_noisy_clients,fedavg,12,0.13203125,0.0014314174652099,,,
cifar10,cifar10_noisy_clients,fedavg,13,0.12802734375,0.0030314207077026,,,
cifar10,cifar10_noisy_clients,fedavg,14,0.1763671875,0.0015920877456665,,,
cifar10,cifar10_noisy_clients,fedavg,15,0.23232421875,0.0023656368255615,,,
cifar10,cifar10_noisy_clients,fedavg,16,0.18681640625,0.0051215410232543,,,
cifar10,cifar10_noisy_clients,fedavg,17,0.19306640625,0.001416277885437,,,
cifar10,cifar10_noisy_clients,fedavg,18,0.180859375,0.0020626306533813,,,
cifar10,cifar10_noisy_clients,fedavg,19,0.18544921875,0.001356291770935,,,
cifar10,cifar10_noisy_clients,fedoui,0,0.16904296875,0.0164312601089477,1.2760704004502377,6.272722725263473,beta
cifar10,cifar10_noisy_clients,fedoui,1,0.1564453125,0.0040343523025512,4.961133417783724,26.75048093808727,beta
cifar10,cifar10_noisy_clients,fedoui,2,0.1248046875,0.0027106523513793,4.904326396317825,34.39168479170607,beta
cifar10,cifar10_noisy_clients,fedoui,3,0.15693359375,0.0026697635650634,7.6202226253427,40.93676535443903,beta
cifar10,cifar10_noisy_clients,fedoui,4,0.1533203125,0.0024706125259399,7.9025764757991555,43.64034270393546,beta
cifar10,cifar10_noisy_clients,fedoui,5,0.148046875,0.0012861967086791,14.369953245488627,82.69358318841873,beta
cifar10,cifar10_noisy_clients,fedoui,6,0.13505859375,0.0004755973815917,33.03847085038287,211.58476957472243,beta
cifar10,cifar10_noisy_clients,fedoui,7,0.109765625,0.0013449668884277,7.865138606369212,63.78879318119372,beta
cifar10,cifar10_noisy_clients,fedoui,8,0.15595703125,0.0010007143020629,20.358705098087604,110.18177092221111,beta
cifar10,cifar10_noisy_clients,fedoui,9,0.1296875,0.0035751581192016,3.964579903786521,26.60567477601316,beta
cifar10,cifar10_noisy_clients,fedoui,10,0.13115234375,0.0002009391784667,74.24455749714494,491.8494624364099,beta
cifar10,cifar10_noisy_clients,fedoui,11,0.11396484375,0.0010081052780151,11.301322935358924,87.86367008784191,beta
cifar10,cifar10_noisy_clients,fedoui,12,0.13662109375,0.0015303373336791,10.393897912848889,65.68438273588063,beta
cifar10,cifar10_noisy_clients,fedoui,13,0.13525390625,0.0020604133605957,7.542494650489615,48.22295316251663,beta
cifar10,cifar10_noisy_clients,fedoui,14,0.15146484375,0.0005242109298706,36.9838791396976,207.19079680517888,beta
cifar10,cifar10_noisy_clients,fedoui,15,0.2232421875,0.0003312110900878,116.65489975120572,405.89373255515767,beta
cifar10,cifar10_noisy_clients,fedoui,16,0.18046875,0.0034559488296508,7.542819350280782,34.252889603656016,beta
cifar10,cifar10_noisy_clients,fedoui,17,0.18681640625,0.0014769554138183,19.028664132240955,82.8289002766181,beta
cifar10,cifar10_noisy_clients,fedoui,18,0.1794921875,0.0014386892318725,18.194639655671537,83.17266723990873,beta
cifar10,cifar10_noisy_clients,fedoui,19,0.16953125,0.0013725042343139,17.22085108710285,84.35836269857295,beta
cifar10,cifar10_noisy_clients,fedoui_align,0,0.16904296875,0.0164312601089477,1.2760704004502377,6.272722725263473,beta
cifar10,cifar10_noisy_clients,fedoui_align,1,0.24267578125,0.0195144414901733,2.042810360378461,6.3750480260502895,beta
cifar10,cifar10_noisy_clients,fedoui_align,2,0.28271484375,0.0059313774108886,9.382989516182722,23.80589222672266,beta
cifar10,cifar10_noisy_clients,fedoui_align,3,0.29169921875,0.00307137966156,19.33081934748284,46.938879386438906,beta
cifar10,cifar10_noisy_clients,fedoui_align,4,0.25498046875,0.0030680179595947,15.532891326219868,45.38507389036054,beta
cifar10,cifar10_noisy_clients,fedoui_align,5,0.2740234375,0.0073534727096557,7.1391734585645485,18.913975584807144,beta
cifar10,cifar10_noisy_clients,fedoui_align,6,0.17978515625,0.0010302543640136,25.55323887262942,116.57884480782973,beta
cifar10,cifar10_noisy_clients,fedoui_align,7,0.16376953125,0.0022342920303344,9.874347690263424,50.41982067485134,beta
cifar10,cifar10_noisy_clients,fedoui_align,8,0.25556640625,0.0049327135086059,9.601498191868046,27.96798651761945,beta
cifar10,cifar10_noisy_clients,fedoui_align,9,0.21962890625,0.0073711156845092,4.887148689752928,17.36469772335067,beta
cifar10,cifar10_noisy_clients,fedoui_align,10,0.194921875,0.0026727199554443,11.249812853193966,46.46465789665884,beta
cifar10,cifar10_noisy_clients,fedoui_align,11,0.162890625,0.0040312528610229,5.346890473632034,27.47814456832961,beta
cifar10,cifar10_noisy_clients,fedoui_align,12,0.16015625,0.0028566122055053,7.380948786931937,38.704975346106494,beta
cifar10,cifar10_noisy_clients,fedoui_align,13,0.17587890625,0.0022904157638549,10.954353135173564,51.32914275831744,beta
cifar10,cifar10_noisy_clients,fedoui_align,14,0.2134765625,0.0025550603866577,13.815012626686036,50.89941065660079,beta
cifar10,cifar10_noisy_clients,fedoui_align,15,0.35810546875,0.0005307912826538,154.7240399999789,277.33872782106937,beta
cifar10,cifar10_noisy_clients,fedoui_align,16,0.2884765625,0.0083880901336669,6.770588592429196,16.699562790940803,beta
cifar10,cifar10_noisy_clients,fedoui_align,17,0.2955078125,0.00124351978302,49.17671417472128,117.237546614818,beta
cifar10,cifar10_noisy_clients,fedoui_align,18,0.3056640625,0.0031516551971435,20.277858885056546,46.06248455998468,beta
cifar10,cifar10_noisy_clients,fedoui_align,19,0.23779296875,0.0053731203079223,7.783500461664272,24.948756099913613,beta
cifar10,cifar10_noisy_clients,fedprox,0,0.16904296875,0.0164312601089477,,,
cifar10,cifar10_noisy_clients,fedprox,1,0.17138671875,0.0065187215805053,,,
cifar10,cifar10_noisy_clients,fedprox,2,0.183984375,0.0030798196792602,,,
cifar10,cifar10_noisy_clients,fedprox,3,0.20419921875,0.0015537023544311,,,
cifar10,cifar10_noisy_clients,fedprox,4,0.17490234375,0.0027622461318969,,,
cifar10,cifar10_noisy_clients,fedprox,5,0.184765625,0.0030034303665161,,,
cifar10,cifar10_noisy_clients,fedprox,6,0.141015625,0.0005679607391357,,,
cifar10,cifar10_noisy_clients,fedprox,7,0.1244140625,0.0009376287460327,,,
cifar10,cifar10_noisy_clients,fedprox,8,0.14306640625,0.0019165277481079,,,
cifar10,cifar10_noisy_clients,fedprox,9,0.148828125,0.0027004957199096,,,
cifar10,cifar10_noisy_clients,fedprox,10,0.1634765625,0.0011874914169311,,,
cifar10,cifar10_noisy_clients,fedprox,11,0.12119140625,0.00122492313385,,,
cifar10,cifar10_noisy_clients,fedprox,12,0.13388671875,0.0011613845825195,,,
cifar10,cifar10_noisy_clients,fedprox,13,0.131640625,0.0023452758789062,,,
cifar10,cifar10_noisy_clients,fedprox,14,0.1744140625,0.0012027502059936,,,
cifar10,cifar10_noisy_clients,fedprox,15,0.22705078125,0.0020806789398193,,,
cifar10,cifar10_noisy_clients,fedprox,16,0.17861328125,0.0044285535812377,,,
cifar10,cifar10_noisy_clients,fedprox,17,0.18486328125,0.0013778924942016,,,
cifar10,cifar10_noisy_clients,fedprox,18,0.180078125,0.0013975381851196,,,
cifar10,cifar10_noisy_clients,fedprox,19,0.1828125,0.0012541532516479,,,
cifar10,cifar10_noisy_clients_extended,fedalign,0,0.1614908854166666,0.0082954406738281,,,none
cifar10,cifar10_noisy_clients_extended,fedalign,1,0.1760416666666666,0.0070333003997802,,,none
cifar10,cifar10_noisy_clients_extended,fedalign,2,0.2371093749999999,0.0029724518458048,,,none
cifar10,cifar10_noisy_clients_extended,fedalign,3,0.1951171874999999,0.0026114781697591,,,none
cifar10,cifar10_noisy_clients_extended,fedalign,4,0.1721679687499999,0.0023172934850056,,,none
cifar10,cifar10_noisy_clients_extended,fedalign,5,0.19287109375,0.0037362098693847,,,none
cifar10,cifar10_noisy_clients_extended,fedalign,6,0.208203125,0.003600517908732,,,none
cifar10,cifar10_noisy_clients_extended,fedalign,7,0.1999348958333333,0.0038273493448893,,,none
cifar10,cifar10_noisy_clients_extended,fedalign,8,0.2131510416666666,0.003845469156901,,,none
cifar10,cifar10_noisy_clients_extended,fedalign,9,0.2065104166666666,0.0045876582463582,,,none
cifar10,cifar10_noisy_clients_extended,fedalign,10,0.2091796875,0.0028514623641967,,,none
cifar10,cifar10_noisy_clients_extended,fedalign,11,0.2055338541666666,0.004676596323649,,,none
cifar10,cifar10_noisy_clients_extended,fedalign,12,0.1874674479166666,0.002173908551534,,,none
cifar10,cifar10_noisy_clients_extended,fedalign,13,0.1947265625,0.0044249296188354,,,none
cifar10,cifar10_noisy_clients_extended,fedalign,14,0.19990234375,0.0035094579060872,,,none
cifar10,cifar10_noisy_clients_extended,fedalign,15,0.2643229166666667,0.0019856532414754,,,none
cifar10,cifar10_noisy_clients_extended,fedalign,16,0.2377604166666667,0.0036466042200724,,,none
cifar10,cifar10_noisy_clients_extended,fedalign,17,0.2259114583333333,0.0017491022745768,,,none
cifar10,cifar10_noisy_clients_extended,fedalign,18,0.2257161458333333,0.0036431312561035,,,none
cifar10,cifar10_noisy_clients_extended,fedalign,19,0.22080078125,0.0038292328516642,,,none
cifar10,cifar10_noisy_clients_extended,fedalign,20,0.2309244791666666,0.0034004211425781,,,none
cifar10,cifar10_noisy_clients_extended,fedalign,21,0.2112304687499999,0.0057258605957031,,,none
cifar10,cifar10_noisy_clients_extended,fedalign,22,0.1926757812499999,0.0030184189478556,,,none
cifar10,cifar10_noisy_clients_extended,fedalign,23,0.2380859374999999,0.0067163864771525,,,none
cifar10,cifar10_noisy_clients_extended,fedalign,24,0.2353190104166666,0.0044219255447387,,,none
cifar10,cifar10_noisy_clients_extended,fedalign,25,0.2183268229166667,0.005149753888448,,,none
cifar10,cifar10_noisy_clients_extended,fedalign,26,0.2352864583333333,0.0049720605214436,,,none
cifar10,cifar10_noisy_clients_extended,fedalign,27,0.2575520833333333,0.0059924364089965,,,none
cifar10,cifar10_noisy_clients_extended,fedalign,28,0.22890625,0.00672554175059,,,none
cifar10,cifar10_noisy_clients_extended,fedalign,29,0.23447265625,0.0032806634902954,,,none
cifar10,cifar10_noisy_clients_extended,fedalign,30,0.2657552083333334,0.0036465724309285,,,none
cifar10,cifar10_noisy_clients_extended,fedalign,31,0.2410481770833333,0.0032234589258829,,,none
cifar10,cifar10_noisy_clients_extended,fedalign,32,0.2569986979166667,0.0026905218760172,,,none
cifar10,cifar10_noisy_clients_extended,fedalign,33,0.2562174479166666,0.0027271429697672,,,none
cifar10,cifar10_noisy_clients_extended,fedalign,34,0.2706705729166667,0.003247316678365,,,none
cifar10,cifar10_noisy_clients_extended,fedalign,35,0.2261393229166667,0.0065153996149698,,,none
cifar10,cifar10_noisy_clients_extended,fedalign,36,0.2488932291666666,0.0055023431777954,,,none
cifar10,cifar10_noisy_clients_extended,fedalign,37,0.26630859375,0.005462630589803,,,none
cifar10,cifar10_noisy_clients_extended,fedalign,38,0.2627604166666666,0.0023755629857381,,,none
cifar10,cifar10_noisy_clients_extended,fedalign,39,0.221875,0.0077209711074829,,,none
cifar10,cifar10_noisy_clients_extended,fedalign,40,0.2443359375,0.0039726734161376,,,none
cifar10,cifar10_noisy_clients_extended,fedalign,41,0.2606770833333333,0.0043235540390014,,,none
cifar10,cifar10_noisy_clients_extended,fedalign,42,0.2653645833333333,0.0043709913889567,,,none
cifar10,cifar10_noisy_clients_extended,fedalign,43,0.2857421874999999,0.0034999847412109,,,none
cifar10,cifar10_noisy_clients_extended,fedalign,44,0.2911132812499999,0.000849978129069,,,none
cifar10,cifar10_noisy_clients_extended,fedalign,45,0.3009765625,0.002736218770345,,,none
cifar10,cifar10_noisy_clients_extended,fedalign,46,0.2891927083333333,0.0060793002446492,,,none
cifar10,cifar10_noisy_clients_extended,fedalign,47,0.27236328125,0.0037307500839233,,,none
cifar10,cifar10_noisy_clients_extended,fedalign,48,0.2656575520833333,0.0064768075942993,,,none
cifar10,cifar10_noisy_clients_extended,fedalign,49,0.2510091145833333,0.0038399537404378,,,none
cifar10,cifar10_noisy_clients_extended,fedalign,50,0.3080078125,0.0041622479756673,,,none
cifar10,cifar10_noisy_clients_extended,fedalign,51,0.2815104166666666,0.0058191061019897,,,none
cifar10,cifar10_noisy_clients_extended,fedalign,52,0.27294921875,0.0058024485905965,,,none
cifar10,cifar10_noisy_clients_extended,fedalign,53,0.2796875,0.0068285703659057,,,none
cifar10,cifar10_noisy_clients_extended,fedalign,54,0.2813476562499999,0.004846453666687,,,none
cifar10,cifar10_noisy_clients_extended,fedalign,55,0.3176106770833333,0.008240000406901,,,none
cifar10,cifar10_noisy_clients_extended,fedalign,56,0.2954427083333333,0.003961698214213,,,none
cifar10,cifar10_noisy_clients_extended,fedalign,57,0.2829752604166666,0.0035246849060058,,,none
cifar10,cifar10_noisy_clients_extended,fedalign,58,0.3131510416666667,0.003626259167989,,,none
cifar10,cifar10_noisy_clients_extended,fedalign,59,0.2830403645833333,0.0063733418782552,,,none
cifar10,cifar10_noisy_clients_extended,fedavg,0,0.1614908854166666,0.0082954406738281,,,
cifar10,cifar10_noisy_clients_extended,fedavg,1,0.1366861979166666,0.0029340823491414,,,
cifar10,cifar10_noisy_clients_extended,fedavg,2,0.1428710937499999,0.0020773410797119,,,
cifar10,cifar10_noisy_clients_extended,fedavg,3,0.1398763020833333,0.0016989151636759,,,
cifar10,cifar10_noisy_clients_extended,fedavg,4,0.1378255208333333,0.0011471589406331,,,
cifar10,cifar10_noisy_clients_extended,fedavg,5,0.1562825520833333,0.0024747053782145,,,
cifar10,cifar10_noisy_clients_extended,fedavg,6,0.1597981770833333,0.0004294713338216,,,
cifar10,cifar10_noisy_clients_extended,fedavg,7,0.1407552083333333,0.0012425820032755,,,
cifar10,cifar10_noisy_clients_extended,fedavg,8,0.1533528645833333,0.001323390007019,,,
cifar10,cifar10_noisy_clients_extended,fedavg,9,0.1553059895833333,0.0017726023991902,,,
cifar10,cifar10_noisy_clients_extended,fedavg,10,0.1680338541666667,0.0018975734710693,,,
cifar10,cifar10_noisy_clients_extended,fedavg,11,0.1511718749999999,0.0011835654576619,,,
cifar10,cifar10_noisy_clients_extended,fedavg,12,0.1533854166666666,0.0006746371587117,,,
cifar10,cifar10_noisy_clients_extended,fedavg,13,0.16220703125,0.0038836081822713,,,
cifar10,cifar10_noisy_clients_extended,fedavg,14,0.1896809895833333,0.0009815136591593,,,
cifar10,cifar10_noisy_clients_extended,fedavg,15,0.2076822916666666,0.0025393724441528,,,
cifar10,cifar10_noisy_clients_extended,fedavg,16,0.1861979166666666,0.0032394011815388,,,
cifar10,cifar10_noisy_clients_extended,fedavg,17,0.1956054687499999,0.0017291943232218,,,
cifar10,cifar10_noisy_clients_extended,fedavg,18,0.1905924479166666,0.0019751946131388,,,
cifar10,cifar10_noisy_clients_extended,fedavg,19,0.1918294270833333,0.0023985068003336,,,
cifar10,cifar10_noisy_clients_extended,fedavg,20,0.1923177083333333,0.0024785836537679,,,
cifar10,cifar10_noisy_clients_extended,fedavg,21,0.1937174479166666,0.0038540442784627,,,
cifar10,cifar10_noisy_clients_extended,fedavg,22,0.1836588541666667,0.0011895736058553,,,
cifar10,cifar10_noisy_clients_extended,fedavg,23,0.2194986979166666,0.0028934796651204,,,
cifar10,cifar10_noisy_clients_extended,fedavg,24,0.2361653645833333,0.002796451250712,,,
cifar10,cifar10_noisy_clients_extended,fedavg,25,0.1868489583333333,0.0038975238800048,,,
cifar10,cifar10_noisy_clients_extended,fedavg,26,0.2065755208333333,0.0039446989695231,,,
cifar10,cifar10_noisy_clients_extended,fedavg,27,0.2247395833333333,0.0032914717992146,,,
cifar10,cifar10_noisy_clients_extended,fedavg,28,0.2133138020833333,0.0055283228556315,,,
cifar10,cifar10_noisy_clients_extended,fedavg,29,0.2124674479166667,0.0030478239059448,,,
cifar10,cifar10_noisy_clients_extended,fedavg,30,0.2332031249999999,0.0042314211527506,,,
cifar10,cifar10_noisy_clients_extended,fedavg,31,0.2263997395833333,0.0022300243377685,,,
cifar10,cifar10_noisy_clients_extended,fedavg,32,0.2523763020833333,0.0019254048665364,,,
cifar10,cifar10_noisy_clients_extended,fedavg,33,0.2393229166666667,0.0023846785227457,,,
cifar10,cifar10_noisy_clients_extended,fedavg,34,0.2329427083333333,0.002159841855367,,,
cifar10,cifar10_noisy_clients_extended,fedavg,35,0.2165364583333333,0.0044634580612182,,,
cifar10,cifar10_noisy_clients_extended,fedavg,36,0.2399739583333333,0.0042116641998291,,,
cifar10,cifar10_noisy_clients_extended,fedavg,37,0.24326171875,0.0049837748209635,,,
cifar10,cifar10_noisy_clients_extended,fedavg,38,0.2449544270833333,0.002331527074178,,,
cifar10,cifar10_noisy_clients_extended,fedavg,39,0.2055338541666666,0.0060937643051147,,,
cifar10,cifar10_noisy_clients_extended,fedavg,40,0.2412434895833333,0.0030071258544921,,,
cifar10,cifar10_noisy_clients_extended,fedavg,41,0.2698567708333333,0.0034197886784871,,,
cifar10,cifar10_noisy_clients_extended,fedavg,42,0.2685546875,0.0043155431747436,,,
cifar10,cifar10_noisy_clients_extended,fedavg,43,0.2671549479166666,0.0032793680826822,,,
cifar10,cifar10_noisy_clients_extended,fedavg,44,0.2661458333333333,0.0016868352890014,,,
cifar10,cifar10_noisy_clients_extended,fedavg,45,0.25751953125,0.0021293719609578,,,
cifar10,cifar10_noisy_clients_extended,fedavg,46,0.262890625,0.0057611306508382,,,
cifar10,cifar10_noisy_clients_extended,fedavg,47,0.2729166666666666,0.0039311329523722,,,
cifar10,cifar10_noisy_clients_extended,fedavg,48,0.2660807291666667,0.0056012471516927,,,
cifar10,cifar10_noisy_clients_extended,fedavg,49,0.2427083333333333,0.0032688458760579,,,
cifar10,cifar10_noisy_clients_extended,fedavg,50,0.2729817708333333,0.0034304857254028,,,
cifar10,cifar10_noisy_clients_extended,fedavg,51,0.2670572916666666,0.0031081279118855,,,
cifar10,cifar10_noisy_clients_extended,fedavg,52,0.2506184895833333,0.0045745372772216,,,
cifar10,cifar10_noisy_clients_extended,fedavg,53,0.2515950520833334,0.0066856543223063,,,
cifar10,cifar10_noisy_clients_extended,fedavg,54,0.2591471354166666,0.0040045181910196,,,
cifar10,cifar10_noisy_clients_extended,fedavg,55,0.3025065104166666,0.0081961870193481,,,
cifar10,cifar10_noisy_clients_extended,fedavg,56,0.2683268229166666,0.0031063159306844,,,
cifar10,cifar10_noisy_clients_extended,fedavg,57,0.2762044270833333,0.003426718711853,,,
cifar10,cifar10_noisy_clients_extended,fedavg,58,0.2703125,0.0021081050237019,,,
cifar10,cifar10_noisy_clients_extended,fedavg,59,0.2586263020833333,0.0049267371495564,,,
cifar10,cifar10_noisy_clients_extended,fedoui,0,0.1614908854166666,0.0082954406738281,1.2760704004502377,6.272722725263473,beta
cifar10,cifar10_noisy_clients_extended,fedoui,1,0.1386393229166666,0.002508807182312,4.961133417783724,26.75048093808727,beta
cifar10,cifar10_noisy_clients_extended,fedoui,2,0.12451171875,0.0018355925877888,4.904326396317825,34.39168479170607,beta
cifar10,cifar10_noisy_clients_extended,fedoui,3,0.1248372395833333,0.0018851439158121,7.6202226253427,40.93676535443903,beta
cifar10,cifar10_noisy_clients_extended,fedoui,4,0.1369791666666666,0.0015176057815551,7.9025764757991555,43.64034270393546,beta
cifar10,cifar10_noisy_clients_extended,fedoui,5,0.1500651041666666,0.0017864227294921,14.369953245488627,82.69358318841873,beta
cifar10,cifar10_noisy_clients_extended,fedoui,6,0.1587890625,0.0006711641947428,33.03847085038287,211.58476957472243,beta
cifar10,cifar10_noisy_clients_extended,fedoui,7,0.1382161458333333,0.0018232345581054,7.865138606369212,63.78879318119372,beta
cifar10,cifar10_noisy_clients_extended,fedoui,8,0.1562174479166666,0.000917100906372,20.358705098087604,110.18177092221111,beta
cifar10,cifar10_noisy_clients_extended,fedoui,9,0.1568684895833333,0.0027317603429158,3.964579903786521,26.60567477601316,beta
cifar10,cifar10_noisy_clients_extended,fedoui,10,0.1769856770833333,0.0014266570409138,74.24455749714494,491.8494624364099,beta
cifar10,cifar10_noisy_clients_extended,fedoui,11,0.152734375,0.0015990575154622,11.301322935358924,87.86367008784191,beta
cifar10,cifar10_noisy_clients_extended,fedoui,12,0.1441731770833333,0.0016730070114135,10.393897912848889,65.68438273588063,beta
cifar10,cifar10_noisy_clients_extended,fedoui,13,0.16181640625,0.0031036218007405,7.542494650489615,48.22295316251663,beta
cifar10,cifar10_noisy_clients_extended,fedoui,14,0.17099609375,0.0012085596720377,36.9838791396976,207.19079680517888,beta
cifar10,cifar10_noisy_clients_extended,fedoui,15,0.2058593749999999,0.0014475981394449,116.65489975120572,405.89373255515767,beta
cifar10,cifar10_noisy_clients_extended,fedoui,16,0.2080078125,0.002587087949117,7.542819350280782,34.252889603656016,beta
cifar10,cifar10_noisy_clients_extended,fedoui,17,0.2121744791666666,0.0017426252365112,19.028664132240955,82.8289002766181,beta
cifar10,cifar10_noisy_clients_extended,fedoui,18,0.21650390625,0.0023963689804077,18.194639655671537,83.17266723990873,beta
cifar10,cifar10_noisy_clients_extended,fedoui,19,0.2033854166666666,0.0025798877080281,17.22085108710285,84.35836269857295,beta
cifar10,cifar10_noisy_clients_extended,fedoui,20,0.2058268229166666,0.002494200070699,16.08177593427835,116.29554365335052,beta
cifar10,cifar10_noisy_clients_extended,fedoui,21,0.1970052083333333,0.0050212860107421,36.905066555113365,229.9790305666104,beta
cifar10,cifar10_noisy_clients_extended,fedoui,22,0.1952799479166666,0.002593461672465,9.39707211669425,48.5006525974749,beta
cifar10,cifar10_noisy_clients_extended,fedoui,23,0.2295572916666667,0.004003628094991,23.26314226418183,96.4426752158292,beta
cifar10,cifar10_noisy_clients_extended,fedoui,24,0.2431966145833333,0.0032290617624918,6.708690391299419,30.95413285810083,beta
cifar10,cifar10_noisy_clients_extended,fedoui,25,0.2097330729166666,0.0040648301442464,25.283908403926542,137.1422033000934,beta
cifar10,cifar10_noisy_clients_extended,fedoui,26,0.2241861979166667,0.0054707924524943,6.538207826116036,26.2328387423755,beta
cifar10,cifar10_noisy_clients_extended,fedoui,27,0.2076822916666666,0.0044394413630167,5.680453402914759,27.053279205890608,beta
cifar10,cifar10_noisy_clients_extended,fedoui,28,0.2071940104166666,0.0063575029373168,9.508060050000571,48.41135393691548,beta
cifar10,cifar10_noisy_clients_extended,fedoui,29,0.2072916666666666,0.0021754662195841,11.711351371054713,44.38043442857122,beta
cifar10,cifar10_noisy_clients_extended,fedoui,30,0.2254557291666666,0.0037702322006225,15.917039841863671,69.68720804715103,beta
cifar10,cifar10_noisy_clients_extended,fedoui,31,0.2337890625,0.0023528337478637,17.927643435695057,68.34071595411575,beta
cifar10,cifar10_noisy_clients_extended,fedoui,32,0.2348307291666667,0.0011581182479858,45.009063503930975,147.83311652964775,beta
cifar10,cifar10_noisy_clients_extended,fedoui,33,0.22216796875,0.0020178476969401,16.226549060459295,73.29923885931613,beta
cifar10,cifar10_noisy_clients_extended,fedoui,34,0.2222981770833333,0.002649172147115,23.6909386562326,107.939670046872,beta
cifar10,cifar10_noisy_clients_extended,fedoui,35,0.2083658854166666,0.0056154330571492,15.20638223507028,82.91167327036115,beta
cifar10,cifar10_noisy_clients_extended,fedoui,36,0.2206705729166666,0.0056180715560913,22.60829319483169,84.72083166148565,beta
cifar10,cifar10_noisy_clients_extended,fedoui,37,0.22548828125,0.0047492504119873,4.522972640036737,17.099454920176235,beta
cifar10,cifar10_noisy_clients_extended,fedoui,38,0.2251302083333333,0.0022745291392008,23.365820826543125,117.54466519454144,beta
cifar10,cifar10_noisy_clients_extended,fedoui,39,0.20380859375,0.004226016998291,8.781850873161762,41.011146325717775,beta
cifar10,cifar10_noisy_clients_extended,fedoui,40,0.2225911458333333,0.0023698012034098,13.618968678371616,52.78971668664046,beta
cifar10,cifar10_noisy_clients_extended,fedoui,41,0.2438802083333333,0.0028407971064249,27.68043659370971,89.98152717531786,beta
cifar10,cifar10_noisy_clients_extended,fedoui,42,0.2570963541666666,0.004103144009908,5.404825329104371,17.418024720392026,beta
cifar10,cifar10_noisy_clients_extended,fedoui,43,0.2570638020833333,0.003904366493225,35.05022671568628,133.61251838235293,beta
cifar10,cifar10_noisy_clients_extended,fedoui,44,0.2460286458333333,0.0016999244689941,21.815147697697665,86.52001836652353,beta
cifar10,cifar10_noisy_clients_extended,fedoui,45,0.251171875,0.0014978090922037,52.68927803386536,170.6295162818554,beta
cifar10,cifar10_noisy_clients_extended,fedoui,46,0.25361328125,0.0046050945917765,6.537190919195224,25.46129618049841,beta
cifar10,cifar10_noisy_clients_extended,fedoui,47,0.2451171875,0.0031193176905314,16.562459131891373,58.48160348340405,beta
cifar10,cifar10_noisy_clients_extended,fedoui,48,0.2477213541666666,0.0042965491612752,5.52775880926796,25.91904686123421,beta
cifar10,cifar10_noisy_clients_extended,fedoui,49,0.2334309895833333,0.0039208491643269,11.308698012317477,46.88279326714532,beta
cifar10,cifar10_noisy_clients_extended,fedoui,50,0.2522135416666666,0.003047227859497,14.838479838355296,54.51160393378447,beta
cifar10,cifar10_noisy_clients_extended,fedoui,51,0.2480794270833333,0.0049344937006632,7.795958065694866,26.807687618186986,beta
cifar10,cifar10_noisy_clients_extended,fedoui,52,0.2421549479166666,0.0037808656692504,9.780465345876545,39.97212538525897,beta
cifar10,cifar10_noisy_clients_extended,fedoui,53,0.2467447916666666,0.0053300619125366,10.855807250958296,42.02881037502312,beta
cifar10,cifar10_noisy_clients_extended,fedoui,54,0.26240234375,0.0038613637288411,17.435083371487647,48.83635453646837,beta
cifar10,cifar10_noisy_clients_extended,fedoui,55,0.2834309895833333,0.0055443048477172,56.8229416879854,183.320237381338,beta
cifar10,cifar10_noisy_clients_extended,fedoui,56,0.2605143229166666,0.0027539491653442,18.737679139165557,64.75833234258174,beta
cifar10,cifar10_noisy_clients_extended,fedoui,57,0.2538411458333333,0.0023750305175781,111.11430663601016,382.08486976309865,beta
cifar10,cifar10_noisy_clients_extended,fedoui,58,0.2529296875,0.0015688021977742,14.49708464336224,57.63612563264813,beta
cifar10,cifar10_noisy_clients_extended,fedoui,59,0.2523763020833333,0.0027349551518758,26.14639867028036,77.58824773951076,beta
cifar10,cifar10_noisy_clients_extended,fedoui_align,0,0.1614908854166666,0.0082954406738281,1.2760704004502377,6.272722725263473,beta
cifar10,cifar10_noisy_clients_extended,fedoui_align,1,0.1717447916666666,0.0070703585942586,2.042810360378461,6.3750480260502895,beta
cifar10,cifar10_noisy_clients_extended,fedoui_align,2,0.1907877604166666,0.0036950906117757,9.382989516182722,23.80589222672266,beta
cifar10,cifar10_noisy_clients_extended,fedoui_align,3,0.1805013020833333,0.0018765370051066,19.33081934748284,46.938879386438906,beta
cifar10,cifar10_noisy_clients_extended,fedoui_align,4,0.1595703125,0.0015007813771565,15.532891326219868,45.38507389036054,beta
cifar10,cifar10_noisy_clients_extended,fedoui_align,5,0.1987630208333333,0.0044377406438191,7.1391734585645485,18.913975584807144,beta
cifar10,cifar10_noisy_clients_extended,fedoui_align,6,0.18564453125,0.0012773275375366,25.55323887262942,116.57884480782973,beta
cifar10,cifar10_noisy_clients_extended,fedoui_align,7,0.1697591145833333,0.002160088221232,9.874347690263424,50.41982067485134,beta
cifar10,cifar10_noisy_clients_extended,fedoui_align,8,0.1961588541666666,0.0025461117426554,9.601498191868046,27.96798651761945,beta
cifar10,cifar10_noisy_clients_extended,fedoui_align,9,0.1929036458333333,0.0048012733459472,4.887148689752928,17.36469772335067,beta
cifar10,cifar10_noisy_clients_extended,fedoui_align,10,0.197265625,0.0029691298802693,11.249812853193966,46.46465789665884,beta
cifar10,cifar10_noisy_clients_extended,fedoui_align,11,0.1731119791666666,0.00310005346934,5.346890473632034,27.47814456832961,beta
cifar10,cifar10_noisy_clients_extended,fedoui_align,12,0.17421875,0.0020619948705037,7.380948786931937,38.704975346106494,beta
cifar10,cifar10_noisy_clients_extended,fedoui_align,13,0.1795247395833333,0.0042496681213378,10.954353135173564,51.32914275831744,beta
cifar10,cifar10_noisy_clients_extended,fedoui_align,14,0.1946614583333333,0.0020042578379313,13.815012626686036,50.89941065660079,beta
cifar10,cifar10_noisy_clients_extended,fedoui_align,15,0.2341471354166666,0.0018756786982218,154.7240399999789,277.33872782106937,beta
cifar10,cifar10_noisy_clients_extended,fedoui_align,16,0.2253255208333333,0.0036983092625935,6.770588592429196,16.699562790940803,beta
cifar10,cifar10_noisy_clients_extended,fedoui_align,17,0.22216796875,0.0015679121017456,49.17671417472128,117.237546614818,beta
cifar10,cifar10_noisy_clients_extended,fedoui_align,18,0.2311197916666666,0.0030385971069335,20.277858885056546,46.06248455998468,beta
cifar10,cifar10_noisy_clients_extended,fedoui_align,19,0.2009765624999999,0.0038917462031046,7.783500461664272,24.948756099913613,beta
cifar10,cifar10_noisy_clients_extended,fedoui_align,20,0.2295247395833333,0.0063789765040079,2.1900190893168574,10.091358498089834,beta
cifar10,cifar10_noisy_clients_extended,fedoui_align,21,0.2434244791666666,0.0059537887573242,24.88372234718698,100.20676210798958,beta
cifar10,cifar10_noisy_clients_extended,fedoui_align,22,0.2265299479166666,0.0055500745773315,4.415400905050874,19.48190631890312,beta
cifar10,cifar10_noisy_clients_extended,fedoui_align,23,0.251953125,0.0069171428680419,12.194808063586123,38.71217708566863,beta
cifar10,cifar10_noisy_clients_extended,fedoui_align,24,0.2574544270833333,0.0035889625549316,7.136914261741733,25.708929351847186,beta
cifar10,cifar10_noisy_clients_extended,fedoui_align,25,0.2167317708333333,0.0049868027369181,19.40550119382385,89.71714143371938,beta
cifar10,cifar10_noisy_clients_extended,fedoui_align,26,0.2228841145833333,0.0078292846679687,3.862394466801463,13.083157949671108,beta
cifar10,cifar10_noisy_clients_extended,fedoui_align,27,0.23291015625,0.0060808817545572,10.385141924727709,34.59956759693546,beta
cifar10,cifar10_noisy_clients_extended,fedoui_align,28,0.2185546874999999,0.0103161732355753,2.132404109493821,8.529616437975283,beta
cifar10,cifar10_noisy_clients_extended,fedoui_align,29,0.2408854166666666,0.0049357334772745,6.011620484635897,15.070226694361224,beta
cifar10,cifar10_noisy_clients_extended,fedoui_align,30,0.2818359374999999,0.005290667215983,8.764920831602087,21.711408307822488,beta
cifar10,cifar10_noisy_clients_extended,fedoui_align,31,0.2642578124999999,0.0044362783432006,9.341387455935662,26.191973446286173,beta
cifar10,cifar10_noisy_clients_extended,fedoui_align,32,0.2771809895833333,0.0031814654668172,12.703070804670528,26.103446211984068,beta
cifar10,cifar10_noisy_clients_extended,fedoui_align,33,0.2485677083333333,0.0048767328262329,8.61431885114258,27.214529660514614,beta
cifar10,cifar10_noisy_clients_extended,fedoui_align,34,0.2546875,0.0036258300145467,56.81527169001211,162.4792560543241,beta
cifar10,cifar10_noisy_clients_extended,fedoui_align,35,0.2333658854166666,0.0086010773976643,5.461989364655351,17.640353094688223,beta
cifar10,cifar10_noisy_clients_extended,fedoui_align,36,0.2584635416666667,0.0058854500452677,36.307024400183785,80.42262390684351,beta
cifar10,cifar10_noisy_clients_extended,fedoui_align,37,0.2655598958333333,0.0069167534510294,5.755906825151774,15.422852028442968,beta
cifar10,cifar10_noisy_clients_extended,fedoui_align,38,0.2677083333333334,0.0032341480255126,20.335761098280752,70.47897664545886,beta
cifar10,cifar10_noisy_clients_extended,fedoui_align,39,0.2367513020833333,0.0071913798650105,8.128240900220234,25.983720910540093,beta
cifar10,cifar10_noisy_clients_extended,fedoui_align,40,0.2566731770833333,0.0047260999679565,12.593509639870971,31.69135942341157,beta
cifar10,cifar10_noisy_clients_extended,fedoui_align,41,0.2767252604166667,0.0049563884735107,18.23063186094992,47.82799172579004,beta
cifar10,cifar10_noisy_clients_extended,fedoui_align,42,0.2754557291666666,0.0052370389302571,4.334929035446708,12.434875771117056,beta
cifar10,cifar10_noisy_clients_extended,fedoui_align,43,0.2921223958333334,0.0057207345962524,14.45638197182653,34.30295643117204,beta
cifar10,cifar10_noisy_clients_extended,fedoui_align,44,0.2962565104166666,0.0015363216400146,30.88133570594292,69.28492264972876,beta
cifar10,cifar10_noisy_clients_extended,fedoui_align,45,0.2990885416666666,0.0024359226226806,48.255501397297614,105.92120197503549,beta
cifar10,cifar10_noisy_clients_extended,fedoui_align,46,0.28212890625,0.0065712054570515,5.329132827174044,15.483346253780269,beta
cifar10,cifar10_noisy_clients_extended,fedoui_align,47,0.276171875,0.0040517091751098,27.0711704156066,74.73154168715197,beta
cifar10,cifar10_noisy_clients_extended,fedoui_align,48,0.2678059895833333,0.0072341362635294,3.934666382511799,16.67453247013312,beta
cifar10,cifar10_noisy_clients_extended,fedoui_align,49,0.2531901041666667,0.0057600418726603,5.7832306344855136,18.88160972250393,beta
cifar10,cifar10_noisy_clients_extended,fedoui_align,50,0.29140625,0.0043815930684407,19.275086874243083,49.16350174997647,beta
cifar10,cifar10_noisy_clients_extended,fedoui_align,51,0.278515625,0.0067270358403523,7.4170772522993555,19.621324692715028,beta
cifar10,cifar10_noisy_clients_extended,fedoui_align,52,0.2638346354166667,0.0075150887171427,4.8850467947981056,17.307889841729224,beta
cifar10,cifar10_noisy_clients_extended,fedoui_align,53,0.2541015625,0.0081650972366333,5.749096871692938,22.43221091487273,beta
cifar10,cifar10_noisy_clients_extended,fedoui_align,54,0.2642252604166666,0.0057743787765502,15.730645425362326,40.21996560475585,beta
cifar10,cifar10_noisy_clients_extended,fedoui_align,55,0.2908854166666666,0.0076304594675699,28.390088394547263,80.20703717891705,beta
cifar10,cifar10_noisy_clients_extended,fedoui_align,56,0.2806315104166666,0.003511627515157,21.7021556623797,61.40557581958296,beta
cifar10,cifar10_noisy_clients_extended,fedoui_align,57,0.2754557291666666,0.006459633509318,6.011850318446884,15.490541320007916,beta
cifar10,cifar10_noisy_clients_extended,fedoui_align,58,0.3029296875,0.0035969257354736,15.05771458833818,32.7979643019731,beta
cifar10,cifar10_noisy_clients_extended,fedoui_align,59,0.2654296875,0.0059135754903157,13.33045729798327,33.33753679820431,beta
cifar10,cifar10_noisy_clients_extended,fedprox,0,0.1615234375,0.0082908312479654,,,
cifar10,cifar10_noisy_clients_extended,fedprox,1,0.1369791666666666,0.0029045343399047,,,
cifar10,cifar10_noisy_clients_extended,fedprox,2,0.1428385416666666,0.0020770549774169,,,
cifar10,cifar10_noisy_clients_extended,fedprox,3,0.1402018229166666,0.0017135779062906,,,
cifar10,cifar10_noisy_clients_extended,fedprox,4,0.1376627604166666,0.0012775341669718,,,
cifar10,cifar10_noisy_clients_extended,fedprox,5,0.1568684895833333,0.0026090383529663,,,
cifar10,cifar10_noisy_clients_extended,fedprox,6,0.1609049479166666,0.0004029035568237,,,
cifar10,cifar10_noisy_clients_extended,fedprox,7,0.1435221354166666,0.001319932937622,,,
cifar10,cifar10_noisy_clients_extended,fedprox,8,0.15224609375,0.0012499491373697,,,
cifar10,cifar10_noisy_clients_extended,fedprox,9,0.1536132812499999,0.0017609278361002,,,
cifar10,cifar10_noisy_clients_extended,fedprox,10,0.1693359375,0.0019468148549397,,,
cifar10,cifar10_noisy_clients_extended,fedprox,11,0.1513346354166666,0.001148239771525,,,
cifar10,cifar10_noisy_clients_extended,fedprox,12,0.15400390625,0.0005572319030761,,,
cifar10,cifar10_noisy_clients_extended,fedprox,13,0.16298828125,0.0038127422332763,,,
cifar10,cifar10_noisy_clients_extended,fedprox,14,0.191015625,0.0007264773050944,,,
cifar10,cifar10_noisy_clients_extended,fedprox,15,0.2081705729166666,0.0021818796793619,,,
cifar10,cifar10_noisy_clients_extended,fedprox,16,0.1856770833333333,0.0030129830042521,,,
cifar10,cifar10_noisy_clients_extended,fedprox,17,0.1963216145833333,0.0016863981882731,,,
cifar10,cifar10_noisy_clients_extended,fedprox,18,0.1868489583333333,0.0016897042592366,,,
cifar10,cifar10_noisy_clients_extended,fedprox,19,0.1922200520833333,0.002288007736206,,,
cifar10,cifar10_noisy_clients_extended,fedprox,20,0.1957356770833333,0.0025871833165486,,,
cifar10,cifar10_noisy_clients_extended,fedprox,21,0.1921874999999999,0.0039274454116821,,,
cifar10,cifar10_noisy_clients_extended,fedprox,22,0.1867838541666666,0.0017057418823242,,,
cifar10,cifar10_noisy_clients_extended,fedprox,23,0.2233723958333333,0.0032173156738281,,,
cifar10,cifar10_noisy_clients_extended,fedprox,24,0.23603515625,0.0029516855875651,,,
cifar10,cifar10_noisy_clients_extended,fedprox,25,0.1891927083333333,0.003646715482076,,,
cifar10,cifar10_noisy_clients_extended,fedprox,26,0.2049153645833333,0.0045726855595906,,,
cifar10,cifar10_noisy_clients_extended,fedprox,27,0.2198567708333333,0.0032185872395833,,,
cifar10,cifar10_noisy_clients_extended,fedprox,28,0.21298828125,0.0051746368408203,,,
cifar10,cifar10_noisy_clients_extended,fedprox,29,0.2151041666666666,0.0030780553817749,,,
cifar10,cifar10_noisy_clients_extended,fedprox,30,0.2361328124999999,0.0035375833511352,,,
cifar10,cifar10_noisy_clients_extended,fedprox,31,0.23427734375,0.0020450115203857,,,
cifar10,cifar10_noisy_clients_extended,fedprox,32,0.2537434895833333,0.0020560503005981,,,
cifar10,cifar10_noisy_clients_extended,fedprox,33,0.2398111979166667,0.0025313138961791,,,
cifar10,cifar10_noisy_clients_extended,fedprox,34,0.2312499999999999,0.0020834366480509,,,
cifar10,cifar10_noisy_clients_extended,fedprox,35,0.2186197916666666,0.0044800519943237,,,
cifar10,cifar10_noisy_clients_extended,fedprox,36,0.2390299479166666,0.0046360890070597,,,
cifar10,cifar10_noisy_clients_extended,fedprox,37,0.2421875,0.0048716783523559,,,
cifar10,cifar10_noisy_clients_extended,fedprox,38,0.24609375,0.0020907243092854,,,
cifar10,cifar10_noisy_clients_extended,fedprox,39,0.20576171875,0.0058469931284586,,,
cifar10,cifar10_noisy_clients_extended,fedprox,40,0.2406575520833333,0.0027249495188395,,,
cifar10,cifar10_noisy_clients_extended,fedprox,41,0.2686197916666666,0.0028982718785603,,,
cifar10,cifar10_noisy_clients_extended,fedprox,42,0.2694986979166667,0.0039503574371337,,,
cifar10,cifar10_noisy_clients_extended,fedprox,43,0.2642578124999999,0.0027843713760375,,,
cifar10,cifar10_noisy_clients_extended,fedprox,44,0.2612955729166666,0.0015926281611124,,,
cifar10,cifar10_noisy_clients_extended,fedprox,45,0.2584635416666667,0.0020387411117553,,,
cifar10,cifar10_noisy_clients_extended,fedprox,46,0.2628255208333333,0.0054868221282958,,,
cifar10,cifar10_noisy_clients_extended,fedprox,47,0.27158203125,0.003392227490743,,,
cifar10,cifar10_noisy_clients_extended,fedprox,48,0.2695963541666666,0.0053281784057617,,,
cifar10,cifar10_noisy_clients_extended,fedprox,49,0.2419270833333333,0.0033146142959594,,,
cifar10,cifar10_noisy_clients_extended,fedprox,50,0.2714192708333333,0.0030764102935791,,,
cifar10,cifar10_noisy_clients_extended,fedprox,51,0.2680338541666666,0.0031372547149658,,,
cifar10,cifar10_noisy_clients_extended,fedprox,52,0.246484375,0.0044448693593343,,,
cifar10,cifar10_noisy_clients_extended,fedprox,53,0.2501953125,0.0067341963450113,,,
cifar10,cifar10_noisy_clients_extended,fedprox,54,0.2606119791666667,0.0039107163747151,,,
cifar10,cifar10_noisy_clients_extended,fedprox,55,0.3002278645833333,0.0085837841033935,,,
cifar10,cifar10_noisy_clients_extended,fedprox,56,0.2610026041666666,0.0030907154083251,,,
cifar10,cifar10_noisy_clients_extended,fedprox,57,0.27236328125,0.0030208667119344,,,
cifar10,cifar10_noisy_clients_extended,fedprox,58,0.2644856770833333,0.0020196199417114,,,
cifar10,cifar10_noisy_clients_extended,fedprox,59,0.2609375,0.0043139537175496,,,
